file_name,drift_length,sum_intensity_cam,sum_intensity_ito,sum_intensity_R,max_intensity_cam,max_intensity_ito,max_intensity_R,track_area_cam,track_area_ito,track_volume_3d,recoil_angle_cam,recoil_angle_ito,recoil_angle_3d_2,recoil_length_cam,recoil_length_ito,recoil_length_3d,mean_energy_deposition_cam,std_energy_deposition_cam,skew_energy_deposition_cam,kurt_energy_deposition_cam,max_energy_deposition_cam,mean_energy_deposition_ito,std_energy_deposition_ito,skew_energy_deposition_ito,kurt_energy_deposition_ito,max_energy_deposition_ito,mean_energy_deposition_3d,std_energy_deposition_3d,skew_energy_deposition_3d,kurt_energy_deposition_3d,max_energy_deposition_3d,bragg_peak_location_3d
/vols/lz/tmarley/GEM_ITO/run/im0/C/70.420keV_0.000_0.000_C_0.881cm_693_im.npy,0.881,199149.2308349609,4.289369416655854,0.0,114.15797071294251,51.99545584737535,0.0,1.2787200000000002e-05,3.038080000000001e-05,0.0,19.300120069534547,0.9299158691464134,19.319305619669464,0.0,0.0,0.0,,,,,,,,,,,,,,,,
/vols/lz/tmarley/GEM_ITO/run/im0/C/137.029keV_0.000_0.000_C_0.606cm_8963_im.npy,0.606,330887.8977661133,7.259731104440206,0.0,274.6616722592087,106.86999860496393,0.0,9.612800000000002e-06,2.6630400000000005e-05,0.0,33.99215883447773,71.64773291912572,72.06165981660202,0.0,0.0,0.0,,,,,,,,,,,,,,,,
/vols/lz/tmarley/GEM_ITO/run/im0/C/96.163keV_0.000_0.000_C_1.692cm_9137_im.npy,1.692,287440.66931152344,6.34063334745529,0.0,130.854699158983,66.85599613679955,0.0,1.8086400000000004e-05,3.5616000000000006e-05,0.0,33.92497493276192,33.922199768117515,43.56603548281442,0.0,0.0,0.0,,,,,,,,,,,,,,,,
/vols/lz/tmarley/GEM_ITO/run/im0/C/59.248keV_0.000_0.000_C_1.412cm_7438_im.npy,1.412,174935.58197021484,3.685105550428456,0.0,117.9556211054911,48.86876866787568,0.0,1.07264e-05,2.8587200000000006e-05,0.0,0.5519259665610414,25.560574636116083,25.56509774073211,0.0,0.0,0.0,,,,,,,,,,,,,,,,
/vols/lz/tmarley/GEM_ITO/run/im0/C/197.492keV_0.000_0.000_C_0.723cm_517_im.npy,0.723,590082.7048950195,13.031954607745703,0.0,275.08640090829,125.79439355024904,0.0,1.8323200000000004e-05,4.3505600000000006e-05,0.0,52.5745711319196,62.22660244240437,66.54692457288421,0.0,0.0,0.0,,,,,,,,,,,,,,,,
/vols/lz/tmarley/GEM_ITO/run/im0/C/111.050keV_0.000_0.000_C_1.523cm_8451_im.npy,1.523,335079.1752319336,7.224913530049892,0.0,158.9792008533447,77.28366197560865,0.0,1.61152e-05,3.7368000000000005e-05,0.0,13.359209578742384,43.38411468903845,44.260296517906106,0.0,0.0,0.0,,,,,,,,,,,,,,,,
/vols/lz/tmarley/GEM_ITO/run/im0/C/117.098keV_0.000_0.000_C_1.693cm_5313_im.npy,1.693,350583.3569335937,7.618255160890206,0.0,138.80624308841178,67.32476866222507,0.0,2.2099200000000003e-05,4.16784e-05,0.0,11.574690271263696,5.182246134143791,12.625441393535462,0.0,0.0,0.0,,,,,,,,,,,,,,,,
/vols/lz/tmarley/GEM_ITO/run/im0/C/160.053keV_0.000_0.000_C_1.912cm_5132_im.npy,1.912,507965.0887451172,11.117129683615296,0.0,216.65937637100984,76.61621831090719,0.0,1.8169600000000003e-05,5.363520000000001e-05,0.0,0.6806054883253414,54.110493153004825,54.111498431597134,0.0,0.0,0.0,,,,,,,,,,,,,,,,
/vols/lz/tmarley/GEM_ITO/run/im0/C/402.792keV_0.000_0.000_C_1.784cm_2534_im.npy,1.784,1481598.7497558594,27.671000873541704,0.0,416.2273362959348,144.39928123069006,0.0,2.9004800000000004e-05,8.902560000000001e-05,0.0,5.228748346575808,66.6675325543626,66.68374913327524,0.0,0.0,0.0,,,,,,,,,,,,,,,,
/vols/lz/tmarley/GEM_ITO/run/im0/C/77.869keV_0.000_0.000_C_2.086cm_657_im.npy,2.086,188914.5953979492,4.170168962053805,0.0,97.4378777730396,53.34121866256908,0.0,1.54368e-05,2.8798400000000005e-05,0.0,35.07243183291821,5.726986292174956,35.3450209554676,0.0,0.0,0.0,,,,,,,,,,,,,,,,
/vols/lz/tmarley/GEM_ITO/run/im0/C/176.953keV_0.000_0.000_C_2.077cm_3643_im.npy,2.077,473011.2777709961,10.33355690780432,0.0,216.926809933258,94.8035869727858,0.0,1.92448e-05,4.3632000000000005e-05,0.0,37.13594737470966,62.56912908947366,64.21668650115303,0.0,0.0,0.0,,,,,,,,,,,,,,,,
/vols/lz/tmarley/GEM_ITO/run/im0/C/1.125keV_0.000_0.000_C_2.227cm_2971_im.npy,2.227,1177.3849487304688,0.02924792457518,59802.33,2.4815907127721384,0.0480002257894225,0.20330782,1.2524800000000002e-05,0.0022989264,7.181803520000002e-07,56.73919313210374,83.80767330283386,83.89006460440224,959.6363636363636,1178.9615384615386,0.0,,,,,,,,,,,,,,,,
/vols/lz/tmarley/GEM_ITO/run/im0/C/49.929keV_0.000_0.000_C_0.876cm_7171_im.npy,0.876,140778.77764892578,3.102651333438294,0.0,94.773755753499,49.50995086228962,0.0,1.1436800000000002e-05,2.5056000000000005e-05,0.0,54.04760657899233,6.524570825899103,54.14091922255034,0.0,0.0,0.0,,,,,,,,,,,,,,,,
/vols/lz/tmarley/GEM_ITO/run/im0/C/576.687keV_0.000_0.000_C_1.096cm_8563_im.npy,1.096,1787922.361755371,38.95786269546029,0.0,368.1980917514568,501.10038312453065,0.0,4.5267200000000006e-05,3.1014400000000006e-05,0.0,89.09508779079167,71.8992827383366,89.09614229816343,0.0,0.0,0.0,,,,,,,,,,,,,,,,
/vols/lz/tmarley/GEM_ITO/run/im0/C/124.639keV_0.000_0.000_C_1.097cm_725_im.npy,1.097,373598.46484375,8.139201852996731,0.0,156.15168210816432,97.73140926159589,0.0,2.0672000000000005e-05,3.360160000000001e-05,0.0,48.36301447089676,26.48425193429428,50.89472458515164,0.0,0.0,0.0,,,,,,,,,,,,,,,,
/vols/lz/tmarley/GEM_ITO/run/im0/C/1.316keV_0.000_0.000_C_1.885cm_9519_im.npy,1.885,1589.0587768554688,0.0361302777250287,77232.516,2.849894513773382,0.0611634369590398,0.20629975,1.5590400000000002e-05,0.0021859872,9.367833600000004e-07,47.04302560448682,80.825112115096,80.95786247120455,1086.3243243243244,1218.0,0.0,,,,,,,,,,,,,,,,
/vols/lz/tmarley/GEM_ITO/run/im0/C/219.323keV_0.000_0.000_C_0.806cm_4382_im.npy,0.806,713432.5176391602,12.69360057275761,0.0,221.0193462533874,114.52725953077046,0.0,2.7974400000000004e-05,4.612160000000001e-05,0.0,27.077647266734655,32.50150344554526,39.244119391062384,0.0,0.0,0.0,,,,,,,,,,,,,,,,
/vols/lz/tmarley/GEM_ITO/run/im0/C/240.810keV_0.000_0.000_C_0.835cm_5529_im.npy,0.835,844749.1331787109,11.137196378416736,0.0,228.99721985003657,148.2375994587229,0.0,3.2268800000000005e-05,4.093600000000001e-05,0.0,7.093680244726559,10.764835545545598,12.80196138217432,0.0,0.0,0.0,,,,,,,,,,,,,,,,
/vols/lz/tmarley/GEM_ITO/run/im2/F/1.333keV_0.000_0.000_F_1.301cm_8279_im.npy,1.301,703.8745727539062,0.0411180327189767,55368.277,2.873703350612137,0.0493660582508886,0.18866602,1.1705600000000002e-05,0.0021881072,7.072988160000002e-07,2.798776998982912,79.6714914511321,79.67189252626476,102.72289156626503,1218.0,0.0,,,,,,,,,,,,,,,,
/vols/lz/tmarley/GEM_ITO/run/im2/F/176.497keV_0.000_0.000_F_1.835cm_3251_im.npy,1.835,445792.38818359375,9.571427539412038,0.0,191.92991026958336,89.64083158999372,0.0,1.9033600000000004e-05,3.8641600000000006e-05,0.0,28.54865885683549,19.04543358090608,32.795176869190165,0.0,0.0,0.0,,,,,,,,,,,,,,,,
/vols/lz/tmarley/GEM_ITO/run/im2/F/1.073keV_0.000_0.000_F_2.232cm_2693_im.npy,2.232,-329.8251342773437,0.0128490011251506,13300.403,1.5160161537772043,0.0094031515483402,0.089966536,7.481600000000001e-06,0.0023073904,3.395952640000001e-07,6.060077387886371,89.47432607307441,89.47432632243755,90.44554455445548,1218.0,0.0,,,,,,,,,,,,,,,,
/vols/lz/tmarley/GEM_ITO/run/im2/F/238.241keV_0.000_0.000_F_1.177cm_6112_im.npy,1.177,797558.8713989258,17.230330793901416,0.0,198.30452720743,197.83020531432865,0.0,3.564800000000001e-05,3.966560000000001e-05,0.0,63.94379725347833,23.603856791643803,64.4449401206303,0.0,0.0,0.0,,,,,,,,,,,,,,,,
/vols/lz/tmarley/GEM_ITO/run/im2/F/122.057keV_0.000_0.000_F_2.037cm_8810_im.npy,2.037,293461.8468017578,6.455610437558342,0.0,168.92591134790268,86.77619045075704,0.0,1.4060800000000004e-05,2.8793600000000005e-05,0.0,63.29907782084005,66.9638780312114,72.01014984839252,0.0,0.0,0.0,,,,,,,,,,,,,,,,
/vols/lz/tmarley/GEM_ITO/run/im2/F/288.522keV_0.000_0.000_F_2.423cm_3057_im.npy,2.423,827823.5504150391,15.344565325359742,0.0,176.2325795937432,140.94214918216576,0.0,3.936640000000001e-05,4.308640000000001e-05,0.0,41.12122680668631,21.52019117491564,43.76907399114006,0.0,0.0,0.0,,,,,,,,,,,,,,,,
/vols/lz/tmarley/GEM_ITO/run/im2/F/118.862keV_0.000_0.000_F_2.010cm_3623_im.npy,2.01,292322.13958740234,6.360343896596754,0.0,121.13614796503909,63.170846993956864,0.0,1.8816000000000004e-05,3.5214400000000006e-05,0.0,4.099636445219982,0.3500875485466068,4.114455701527383,0.0,0.0,0.0,,,,,,,,,,,,,,,,
/vols/lz/tmarley/GEM_ITO/run/im2/F/271.289keV_0.000_0.000_F_2.294cm_6365_im.npy,2.294,772734.4658813477,13.258173607718703,0.0,175.0286693388671,144.78690146045972,0.0,3.7868800000000006e-05,4.0900800000000007e-05,0.0,25.309559223226973,1.0726959689886284,25.32690710215128,0.0,0.0,0.0,,,,,,,,,,,,,,,,
/vols/lz/tmarley/GEM_ITO/run/im2/F/187.447keV_0.000_0.000_F_1.998cm_3356_im.npy,1.998,525950.7728881836,10.526725857591371,0.0,134.43239437227348,94.5358126843098,0.0,3.0784e-05,4.066080000000001e-05,0.0,32.95671432984781,3.692505245424509,33.08577556270465,0.0,0.0,0.0,,,,,,,,,,,,,,,,
/vols/lz/tmarley/GEM_ITO/run/im2/F/284.170keV_0.000_0.000_F_1.557cm_7385_im.npy,1.557,843708.6735229492,18.317654112421792,0.0,200.99254499119965,191.34742630924484,0.0,3.4246400000000005e-05,3.77408e-05,0.0,76.40555773746341,70.65687696216719,78.73722312626356,0.0,0.0,0.0,,,,,,,,,,,,,,,,
/vols/lz/tmarley/GEM_ITO/run/im2/F/3.372keV_0.000_0.000_F_0.763cm_7383_im.npy,0.763,1351.6757202148438,0.0602454922775975,0.0,6.19446627287206,1.2266560367432433,0.0,4.1984e-06,1.5964800000000003e-05,0.0,45.91535365268738,64.4234164803481,66.7765041476861,0.0,0.0,0.0,,,,,,,,,,,,,,,,
/vols/lz/tmarley/GEM_ITO/run/im2/F/94.538keV_0.000_0.000_F_0.567cm_1109_im.npy,0.567,231179.96459960935,4.969668132994053,0.0,150.68661533743327,61.31120209677637,0.0,1.18784e-05,3.0803200000000004e-05,0.0,10.609597239259324,14.348292414771224,17.591080883121716,0.0,0.0,0.0,,,,,,,,,,,,,,,,
/vols/lz/tmarley/GEM_ITO/run/im2/F/243.404keV_0.000_0.000_F_2.192cm_5113_im.npy,2.192,744410.9884643555,12.79363121830509,0.0,184.1466709539368,118.75429262379744,0.0,3.520640000000001e-05,5.088000000000001e-05,0.0,12.589898829443328,32.71126204494678,34.21533456338795,0.0,0.0,0.0,,,,,,,,,,,,,,,,
/vols/lz/tmarley/GEM_ITO/run/im2/F/3.532keV_0.000_0.000_F_0.613cm_1589_im.npy,0.613,3043.2974243164062,0.0662959707364063,0.0,6.943276959909208,1.3668550080850577,0.0,3.7760000000000008e-06,1.5744000000000004e-05,0.0,61.97096746525745,63.84311009448856,70.15158612377425,0.0,0.0,0.0,,,,,,,,,,,,,,,,
/vols/lz/tmarley/GEM_ITO/run/im2/F/164.684keV_0.000_0.000_F_0.834cm_9316_im.npy,0.834,441650.8362426758,9.65045236837939,0.0,218.96549441685647,132.31900992912588,0.0,1.6236800000000004e-05,2.9598400000000004e-05,0.0,63.47775148951166,71.30608529890853,74.35442940763848,0.0,0.0,0.0,,,,,,,,,,,,,,,,
/vols/lz/tmarley/GEM_ITO/run/im2/F/91.746keV_0.000_0.000_F_1.170cm_7875_im.npy,1.17,255189.90032958984,5.50444448942909,0.0,139.49573142908432,71.99693505846797,0.0,1.5078400000000005e-05,3.1990400000000005e-05,0.0,27.94291685000748,28.952938555569656,37.467948239372056,0.0,0.0,0.0,,,,,,,,,,,,,,,,
/vols/lz/tmarley/GEM_ITO/run/im2/F/4.538keV_0.000_0.000_F_0.870cm_6349_im.npy,0.87,6149.5391845703125,0.0943856140117359,0.0,8.450215431969855,2.041554043159956,0.0,4.6976000000000006e-06,1.6668800000000002e-05,0.0,73.67052004505325,77.72051722517348,80.08931797422795,0.0,0.0,0.0,,,,,,,,,,,,,,,,
/vols/lz/tmarley/GEM_ITO/run/im2/F/88.300keV_0.000_0.000_F_1.887cm_74_im.npy,1.887,177298.43182373047,3.8796364453454673,0.0,122.40023786967286,53.41490819978547,0.0,1.0835200000000004e-05,2.7512000000000004e-05,0.0,20.579879160717475,9.365693871597486,22.298671274739352,0.0,0.0,0.0,,,,,,,,,,,,,,,,
/vols/lz/tmarley/GEM_ITO/run/im2/F/173.959keV_0.000_0.000_F_0.689cm_7585_im.npy,0.689,478726.4558105469,10.286369065798866,0.0,187.39153764124163,92.54921671502798,0.0,2.1209600000000004e-05,4.067040000000001e-05,0.0,36.09907057745002,16.174612027507713,38.123254577573626,0.0,0.0,0.0,,,,,,,,,,,,,,,,
/vols/lz/tmarley/GEM_ITO/run/im2/F/103.346keV_0.000_0.000_F_2.327cm_3614_im.npy,2.327,243584.0548095703,5.267128644099719,0.0,102.32717175152888,68.53452621036068,0.0,1.8931200000000003e-05,2.8793600000000005e-05,0.0,47.12444036437192,5.462074778377932,47.23657325346888,0.0,0.0,0.0,,,,,,,,,,,,,,,,
/vols/lz/tmarley/GEM_ITO/run/im2/F/178.888keV_0.000_0.000_F_1.048cm_1417_im.npy,1.048,538198.5140991211,11.760383156135871,0.0,196.9910968576014,127.57476603686176,0.0,2.3430400000000005e-05,3.909120000000001e-05,0.0,54.10599198034831,49.44742726284071,61.07602340645469,0.0,0.0,0.0,,,,,,,,,,,,,,,,
/vols/lz/tmarley/GEM_ITO/run/im2/F/104.704keV_0.000_0.000_F_1.298cm_515_im.npy,1.298,226501.5599975586,4.978673689032255,0.0,136.88051171949772,65.83302910167966,0.0,1.2921600000000002e-05,2.8057600000000004e-05,0.0,37.89217278851572,14.563043682342236,39.368027105159534,0.0,0.0,0.0,,,,,,,,,,,,,,,,
/vols/lz/tmarley/GEM_ITO/run/im2/F/121.613keV_0.000_0.000_F_1.339cm_4315_im.npy,1.339,291108.5944824219,6.345090093550234,0.0,167.3914278494587,73.41575929687852,0.0,1.4323200000000002e-05,3.20512e-05,0.0,6.754956859286088,20.772051422484395,21.67136881822697,0.0,0.0,0.0,,,,,,,,,,,,,,,,
/vols/lz/tmarley/GEM_ITO/run/im2/F/122.090keV_0.000_0.000_F_2.490cm_7438_im.npy,2.49,312888.4425048828,6.738595030959496,0.0,119.31326739443136,67.63651465006575,0.0,2.1216000000000005e-05,3.608640000000001e-05,0.0,10.228030152498544,15.352242659253612,18.187031089325057,0.0,0.0,0.0,,,,,,,,,,,,,,,,
/vols/lz/tmarley/GEM_ITO/run/im2/F/300.791keV_0.000_0.000_F_2.411cm_4627_im.npy,2.411,888873.7274169922,19.29043670474704,0.0,257.4802766934342,118.9130946795601,0.0,3.2064e-05,5.936320000000001e-05,0.0,53.05876656267249,60.79806913987527,65.8400493856109,0.0,0.0,0.0,,,,,,,,,,,,,,,,
/vols/lz/tmarley/GEM_ITO/run/im2/F/1.263keV_0.000_0.000_F_0.729cm_7183_im.npy,0.729,1740.5555419921875,0.0323620007459736,61698.656,2.64445053016447,0.0481203414422988,0.20582813,1.2454400000000002e-05,0.0022272272,7.312327680000002e-07,1.8057139515838063,82.66832462254649,82.6683842817162,54.02419354838708,1184.238805970149,0.0,,,,,,,,,,,,,,,,
/vols/lz/tmarley/GEM_ITO/run/im2/F/2.511keV_0.000_0.000_F_1.923cm_6576_im.npy,1.923,567.120361328125,0.0198111936170285,32325.39,1.9481921242335427,0.0171615332601083,0.13475877,1.0272e-05,0.0022545824,6.600488960000002e-07,57.74450241182792,88.0800197500951,88.08272071648133,1218.0,1218.0,0.0,,,,,,,,,,,,,,,,
/vols/lz/tmarley/GEM_ITO/run/im2/F/183.232keV_0.000_0.000_F_2.390cm_8430_im.npy,2.39,543376.2985839844,9.507140915926607,0.0,132.22976647286842,94.97423448109342,0.0,3.373440000000001e-05,4.208800000000001e-05,0.0,11.236365509402043,10.16522762783536,14.9820508388468,0.0,0.0,0.0,,,,,,,,,,,,,,,,
/vols/lz/tmarley/GEM_ITO/run/im2/F/1.782keV_0.000_0.000_F_0.852cm_1404_im.npy,0.852,220.90899658203125,0.0283703497084865,40747.492,2.2903288153176056,0.0327180734447946,0.17237976,1.16288e-05,0.0022109264,6.961638400000002e-07,69.25806047326431,84.16816467303923,84.36803870102251,1124.3076923076924,1176.3589743589744,0.0,,,,,,,,,,,,,,,,
/vols/lz/tmarley/GEM_ITO/run/im2/F/261.661keV_0.000_0.000_F_1.930cm_4190_im.npy,1.93,777308.4974975586,17.107655372660115,0.0,177.50829519522455,183.7296144186812,0.0,3.689600000000001e-05,4.465280000000001e-05,0.0,57.01536070521127,38.60399044598548,60.04710001613012,0.0,0.0,0.0,,,,,,,,,,,,,,,,
/vols/lz/tmarley/GEM_ITO/run/im0/C/130.169keV_0.000_0.000_C_2.151cm_7721_im.npy,2.151,418290.9135742188,8.761815865864698,0.0,137.7353844049651,84.23207273038763,0.0,2.5356800000000004e-05,4.147040000000001e-05,0.0,3.962702141308713,3.0553785974023264,4.997902122704376,0.0,0.0,0.0,,,,,,,,,,,,,,,,
/vols/lz/tmarley/GEM_ITO/run/im0/C/90.279keV_0.000_0.000_C_0.720cm_8066_im.npy,0.72,258250.43896484372,5.657107205635544,0.0,141.56558627199635,85.36869978546646,0.0,1.4739200000000005e-05,2.6680000000000005e-05,0.0,50.8598101160313,0.2962794873438812,50.8600585187629,0.0,0.0,0.0,,,,,,,,,,,,,,,,
/vols/lz/tmarley/GEM_ITO/run/im0/C/113.057keV_0.000_0.000_C_2.421cm_3107_im.npy,2.421,351367.4862060547,7.640326713618789,0.0,149.71838801014937,83.90298065147498,0.0,1.8899200000000004e-05,3.4196800000000004e-05,0.0,41.13686634679303,38.45125647942665,49.73125026834302,0.0,0.0,0.0,,,,,,,,,,,,,,,,
/vols/lz/tmarley/GEM_ITO/run/im0/C/65.018keV_0.000_0.000_C_2.102cm_2629_im.npy,2.102,150321.94512939453,3.337973532409292,0.0,86.53502250788841,41.42126295280005,0.0,1.2934400000000004e-05,2.9152000000000005e-05,0.0,18.02986870588309,26.4791398146901,30.75454253137561,0.0,0.0,0.0,,,,,,,,,,,,,,,,
/vols/lz/tmarley/GEM_ITO/run/im2/F/176.784keV_0.000_0.000_F_0.600cm_6401_im.npy,0.6,457823.7395629883,9.879294904615977,0.0,250.603685578672,118.41479521282804,0.0,1.7990400000000003e-05,4.0529600000000006e-05,0.0,24.674458380591773,27.95060743206725,35.06319690224013,0.0,0.0,0.0,,,,,,,,,,,,,,,,
/vols/lz/tmarley/GEM_ITO/run/im2/F/1.799keV_0.000_0.000_F_0.626cm_543_im.npy,0.626,3249.6890258789062,0.0461956115476809,0.0,6.245437685082127,1.5350688129853958,0.0,4.288000000000001e-06,1.5110400000000002e-05,0.0,62.47177553673159,63.53269318354667,70.20061414056246,0.0,0.0,0.0,,,,,,,,,,,,,,,,
/vols/lz/tmarley/GEM_ITO/run/im2/F/172.707keV_0.000_0.000_F_1.808cm_1082_im.npy,1.808,462127.84997558594,10.028124374991696,0.0,143.47004140874412,133.56112657451882,0.0,2.5235200000000005e-05,2.8339200000000005e-05,0.0,65.3719813135061,17.863628339486638,65.60550227123652,0.0,0.0,0.0,,,,,,,,,,,,,,,,
/vols/lz/tmarley/GEM_ITO/run/im2/F/87.410keV_0.000_0.000_F_1.306cm_9386_im.npy,1.306,182147.45404052731,3.982260573798423,0.0,127.53732666590764,56.18287314760967,0.0,1.1027200000000002e-05,2.750080000000001e-05,0.0,3.854751025441384,10.385531935529206,11.04893879850788,0.0,0.0,0.0,,,,,,,,,,,,,,,,
/vols/lz/tmarley/GEM_ITO/run/im2/F/114.247keV_0.000_0.000_F_0.870cm_5110_im.npy,0.87,270528.9362792969,5.885100878779401,0.0,152.59963282174957,74.1790123682892,0.0,1.3004800000000005e-05,2.9960000000000005e-05,0.0,13.57049205233172,3.286425825746014,13.93462640240534,0.0,0.0,0.0,,,,,,,,,,,,,,,,
/vols/lz/tmarley/GEM_ITO/run/im2/F/236.715keV_0.000_0.000_F_1.042cm_5371_im.npy,1.042,662285.6157226562,14.357723248433665,0.0,531.4058521660305,113.12687751265332,0.0,1.0150400000000002e-05,4.689440000000001e-05,0.0,15.804732511853258,74.15282137296514,74.20118519705092,0.0,0.0,0.0,,,,,,,,,,,,,,,,
/vols/lz/tmarley/GEM_ITO/run/im2/F/69.607keV_0.000_0.000_F_1.426cm_867_im.npy,1.426,174896.5228881836,3.769263490656739,0.0,97.58764223404329,49.790929217726976,0.0,1.3843200000000002e-05,2.8875200000000004e-05,0.0,29.39697076191127,8.255201790629581,30.190100506677723,0.0,0.0,0.0,,,,,,,,,,,,,,,,
/vols/lz/tmarley/GEM_ITO/run/im2/F/1.161keV_0.000_0.000_F_1.437cm_3783_im.npy,1.437,461.7964477539063,0.0125974059464518,26751.494,2.0794687890063086,0.0155544662961486,0.12654105,9.3056e-06,0.0023069136,4.864445440000001e-07,28.416428555167755,89.41812365221821,89.41813243660967,638.0,1218.0,0.0,,,,,,,,,,,,,,,,
/vols/lz/tmarley/GEM_ITO/run/im2/F/77.535keV_0.000_0.000_F_0.744cm_6540_im.npy,0.744,179947.7544555664,3.836055083479015,0.0,149.3597234722771,51.08798008368609,0.0,1.0080000000000002e-05,2.7800000000000005e-05,0.0,27.19529770756072,32.59844490067195,39.36351098888891,0.0,0.0,0.0,,,,,,,,,,,,,,,,
/vols/lz/tmarley/GEM_ITO/run/im2/F/2.664keV_0.000_0.000_F_0.917cm_7401_im.npy,0.917,2989.8758544921875,0.0607032792750475,0.0,5.793031750208648,1.2211446702287714,0.0,3.1424000000000006e-06,1.5587200000000002e-05,0.0,32.38754746451673,63.86985440781724,64.90179874956098,0.0,0.0,0.0,,,,,,,,,,,,,,,,
/vols/lz/tmarley/GEM_ITO/run/im2/F/3.676keV_0.000_0.000_F_0.865cm_8667_im.npy,0.865,2112.6700439453125,0.0384985400829206,0.0,4.241094249956092,1.1806223262420537,0.0,4.128000000000001e-06,1.4892800000000002e-05,0.0,79.9417098536604,69.47854992236077,80.89353268237855,0.0,0.0,0.0,,,,,,,,,,,,,,,,
/vols/lz/tmarley/GEM_ITO/run/im2/F/119.692keV_0.000_0.000_F_0.614cm_7000_im.npy,0.614,285928.01599121094,6.180447751353474,0.0,173.52097370823796,108.57502062967278,0.0,1.3068800000000004e-05,2.4507200000000005e-05,0.0,59.38986701713734,59.80885435313664,67.46978750541216,0.0,0.0,0.0,,,,,,,,,,,,,,,,
/vols/lz/tmarley/GEM_ITO/run/im2/F/71.472keV_0.000_0.000_F_0.508cm_9802_im.npy,0.508,153413.54412841797,3.278781941126826,0.0,130.47522353099717,48.88150049581997,0.0,8.736e-06,2.5926400000000003e-05,0.0,19.373947714570203,5.772123102192256,20.096829360904103,0.0,0.0,0.0,,,,,,,,,,,,,,,,
/vols/lz/tmarley/GEM_ITO/run/im2/F/125.843keV_0.000_0.000_F_2.120cm_680_im.npy,2.12,288209.5314941406,6.272005496889169,0.0,132.72878886271164,70.37431187271423,0.0,1.57568e-05,3.279200000000001e-05,0.0,13.378952670205075,24.393145438703364,27.115408558320105,0.0,0.0,0.0,,,,,,,,,,,,,,,,
/vols/lz/tmarley/GEM_ITO/run/im2/F/1.359keV_0.000_0.000_F_2.314cm_8028_im.npy,2.314,1050.7730102539062,0.0186286876874962,63862.504,3.4027137350020835,0.031037137928635,0.23166044,1.1622400000000002e-05,0.0022524848,7.638277120000003e-07,56.03468644579034,89.16900113357111,89.16919367967829,1009.2,1218.0,0.0,,,,,,,,,,,,,,,,
/vols/lz/tmarley/GEM_ITO/run/im2/F/1.396keV_0.000_0.000_F_0.540cm_9622_im.npy,0.54,-42.9893798828125,0.0147518016991475,16639.545,2.3467829496380945,0.0104750253644371,0.113846734,8.678400000000001e-06,0.0023104656,4.397096960000001e-07,20.636574794674267,89.94478020496868,89.94478020860598,426.3,1218.0,0.0,,,,,,,,,,,,,,,,
/vols/lz/tmarley/GEM_ITO/run/im2/F/181.178keV_0.000_0.000_F_2.071cm_9843_im.npy,2.071,490565.4340209961,10.6453476790701,0.0,290.9657581412926,79.96014451002667,0.0,1.2851200000000002e-05,4.546720000000001e-05,0.0,18.328514035453377,65.13327261549301,65.38697805730871,0.0,0.0,0.0,,,,,,,,,,,,,,,,
/vols/lz/tmarley/GEM_ITO/run/im2/F/1.400keV_0.000_0.000_F_1.660cm_5445_im.npy,1.66,1695.0030517578125,0.0091340800982888,0.0,2.9543573602440154,2.390581026563473,0.0,9.7344e-06,8.753600000000002e-06,0.0,86.60940863512958,79.18528890284352,86.76125454955238,0.0,0.0,0.0,,,,,,,,,,,,,,,,
/vols/lz/tmarley/GEM_ITO/run/im2/F/3.107keV_0.000_0.000_F_1.195cm_8358_im.npy,1.195,1094.3929443359375,0.0286608637235529,1824.3851,3.3758892998049483,1.6340844962040193,0.87491786,1.1296000000000002e-05,1.4313600000000005e-05,3.1872e-09,19.183152726342243,68.75489087850995,68.92971628146493,108.27376425855512,212.4705882352941,0.0,,,,,,,,,,,,,,,,
/vols/lz/tmarley/GEM_ITO/run/im2/F/190.931keV_0.000_0.000_F_1.081cm_9429_im.npy,1.081,472024.1053466797,10.261910125570392,0.0,170.30870115620564,106.01429122283008,0.0,2.19456e-05,3.781120000000001e-05,0.0,43.09976479758161,19.543077895067157,45.02399191804911,0.0,0.0,0.0,,,,,,,,,,,,,,,,
/vols/lz/tmarley/GEM_ITO/run/im2/F/165.298keV_0.000_0.000_F_1.630cm_6230_im.npy,1.63,456528.8203735352,9.87007098209228,0.0,154.21331234131355,109.68158876929544,0.0,2.2464000000000004e-05,3.754560000000001e-05,0.0,41.43756097020296,32.6690720461451,47.49431386850431,0.0,0.0,0.0,,,,,,,,,,,,,,,,
/vols/lz/tmarley/GEM_ITO/run/im2/F/83.171keV_0.000_0.000_F_2.493cm_7554_im.npy,2.493,207165.74877929688,4.613513848994945,0.0,95.59117015037005,54.82502693037516,0.0,1.7811200000000003e-05,3.0785600000000006e-05,0.0,34.58082907798248,12.08970691270909,35.82438487179324,0.0,0.0,0.0,,,,,,,,,,,,,,,,
/vols/lz/tmarley/GEM_ITO/run/im2/F/109.769keV_0.000_0.000_F_1.141cm_452_im.npy,1.141,272601.53900146484,6.030196430022608,0.0,148.3869355324656,78.75022441844027,0.0,1.4694400000000005e-05,2.8728000000000003e-05,0.0,41.507622026777824,14.039470379581823,42.60205122568357,0.0,0.0,0.0,,,,,,,,,,,,,,,,
/vols/lz/tmarley/GEM_ITO/run/im2/F/1.341keV_0.000_0.000_F_2.015cm_4951_im.npy,2.015,87.20977783203125,0.0127496056252136,16109.267,3.974226092563076,0.0117238339573643,0.15789735,6.374400000000001e-06,0.0023085424,3.420052480000001e-07,10.168619683264431,89.56158927677193,89.56158968966112,218.32075471698116,1218.0,0.0,,,,,,,,,,,,,,,,
/vols/lz/tmarley/GEM_ITO/run/im2/F/154.334keV_0.000_0.000_F_2.035cm_1106_im.npy,2.035,395989.6975708008,8.598353508643443,0.0,144.6885502927521,105.71676218055173,0.0,2.09984e-05,2.9867200000000004e-05,0.0,64.02914241279963,48.27661301910293,66.85425032088888,0.0,0.0,0.0,,,,,,,,,,,,,,,,
/vols/lz/tmarley/GEM_ITO/run/im2/F/1.116keV_0.000_0.000_F_2.063cm_5431_im.npy,2.063,1630.6851806640625,0.0230246757334621,72083.69,2.478534703000039,0.0446839576829263,0.2225235,1.3875200000000002e-05,0.002289696,8.077352960000003e-07,81.58225961601251,86.61365498458908,86.85519464000187,1021.5483870967744,1218.0,0.0,,,,,,,,,,,,,,,,
/vols/lz/tmarley/GEM_ITO/run/im2/F/1.713keV_0.000_0.000_F_1.729cm_1884_im.npy,1.729,1268.2290649414062,0.0156453123369593,55353.688,2.113067617821171,0.0276871616179693,0.17442365,1.2518400000000002e-05,0.0022490448,7.029002240000002e-07,84.47643035557417,89.7305637143858,89.73088171832384,1218.0,1218.0,0.0,,,,,,,,,,,,,,,,
/vols/lz/tmarley/GEM_ITO/run/im2/F/108.760keV_0.000_0.000_F_0.882cm_2233_im.npy,0.882,260905.96405029297,5.794447041887232,0.0,151.1152714947585,85.12111929070291,0.0,1.4259200000000002e-05,2.5532800000000004e-05,0.0,57.05445034823747,4.988160636283817,57.09619967758562,0.0,0.0,0.0,,,,,,,,,,,,,,,,
/vols/lz/tmarley/GEM_ITO/run/im2/F/77.249keV_0.000_0.000_F_1.661cm_5850_im.npy,1.661,154079.189453125,3.324781643323442,0.0,99.0057294893394,39.27207015162483,0.0,1.2224000000000002e-05,3.007360000000001e-05,0.0,9.106158547191134,24.868278228580643,26.125312742913213,0.0,0.0,0.0,,,,,,,,,,,,,,,,
/vols/lz/tmarley/GEM_ITO/run/im2/F/1.236keV_0.000_0.000_F_1.191cm_9257_im.npy,1.191,2271.8451538085938,0.0276272492097409,110393.055,1.9346539797831568,0.0553233259129689,0.22045669,1.91424e-05,0.002225312,1.1150074880000004e-06,87.61220051593035,84.65849199916002,87.81904423746163,1218.0,1181.4860813704497,0.0,,,,,,,,,,,,,,,,
/vols/lz/tmarley/GEM_ITO/run/im2/F/202.388keV_0.000_0.000_F_2.095cm_1123_im.npy,2.095,553479.1830444336,12.07945974988387,0.0,166.8579418741446,155.89140909027347,0.0,2.6534400000000005e-05,3.3144000000000007e-05,0.0,61.05291022948426,43.36391083185515,63.883935460991296,0.0,0.0,0.0,,,,,,,,,,,,,,,,
/vols/lz/tmarley/GEM_ITO/run/im2/F/228.944keV_0.000_0.000_F_2.085cm_4750_im.npy,2.085,642509.3428955078,14.015641980984212,0.0,162.77795677682917,246.74594503195567,0.0,3.104000000000001e-05,2.4441600000000003e-05,0.0,83.3188314138064,83.42951466631882,85.30486983752355,0.0,0.0,0.0,,,,,,,,,,,,,,,,
/vols/lz/tmarley/GEM_ITO/run/im2/F/144.437keV_0.000_0.000_F_1.465cm_7949_im.npy,1.465,385242.185546875,8.35844190933513,0.0,203.7009055544119,104.73411029872231,0.0,1.4976000000000002e-05,3.107360000000001e-05,0.0,34.05781324114245,27.13932914869373,40.30958638383783,0.0,0.0,0.0,,,,,,,,,,,,,,,,
/vols/lz/tmarley/GEM_ITO/run/im2/F/1.206keV_0.000_0.000_F_1.585cm_2548_im.npy,1.585,945.61181640625,0.0093636119062728,0.0,3.7564967446771993,1.916834332307921,0.0,6.560000000000001e-06,9.299200000000002e-06,0.0,74.1305389968983,71.75212734859339,77.84960118947237,0.0,0.0,0.0,,,,,,,,,,,,,,,,
/vols/lz/tmarley/GEM_ITO/run/im2/F/96.724keV_0.000_0.000_F_1.314cm_3337_im.npy,1.314,253234.46240234372,5.499586549857952,0.0,147.54114717942295,73.1300815597691,0.0,1.3062400000000002e-05,2.8248000000000005e-05,0.0,22.063846594337573,2.014492743754423,22.13877210238927,0.0,0.0,0.0,,,,,,,,,,,,,,,,
/vols/lz/tmarley/GEM_ITO/run/im2/F/168.697keV_0.000_0.000_F_0.504cm_3934_im.npy,0.504,439579.5219116211,9.485726055956686,0.0,184.07371768699403,117.35600275538071,0.0,1.7248e-05,3.5758400000000006e-05,0.0,35.78981777819922,33.306835723099105,44.28772106808505,0.0,0.0,0.0,,,,,,,,,,,,,,,,
/vols/lz/tmarley/GEM_ITO/run/im2/F/2.033keV_0.000_0.000_F_1.085cm_3306_im.npy,1.085,2855.1968383789062,0.0456590578407078,0.0,5.402596908576504,1.8950135644818071,0.0,5.510400000000001e-06,1.4235200000000002e-05,0.0,80.08526326159387,67.80094347891054,80.8720889934479,0.0,0.0,0.0,,,,,,,,,,,,,,,,
/vols/lz/tmarley/GEM_ITO/run/im0/C/247.245keV_0.000_0.000_C_2.021cm_7129_im.npy,2.021,742605.3371582031,14.920131497507407,0.0,164.08969643418777,139.63898907319066,0.0,3.896960000000001e-05,4.01056e-05,0.0,50.40050187961033,12.019436314347598,50.82973070144237,0.0,0.0,0.0,,,,,,,,,,,,,,,,
/vols/lz/tmarley/GEM_ITO/run/im0/C/117.972keV_0.000_0.000_C_1.465cm_943_im.npy,1.465,321045.88903808594,7.075961588780358,0.0,165.20826673148474,93.5366427161168,0.0,1.63456e-05,2.9721600000000004e-05,0.0,57.90656704993894,54.99251629640627,64.957251167405,0.0,0.0,0.0,,,,,,,,,,,,,,,,
/vols/lz/tmarley/GEM_ITO/run/im0/C/113.323keV_0.000_0.000_C_2.117cm_911_im.npy,2.117,362583.22283935547,7.885584197904532,0.0,152.85668935074554,88.37750385647551,0.0,2.0390400000000004e-05,3.5680000000000004e-05,0.0,47.18326176614556,40.98465933935803,54.18009844745098,0.0,0.0,0.0,,,,,,,,,,,,,,,,
/vols/lz/tmarley/GEM_ITO/run/im0/C/262.682keV_0.000_0.000_C_1.864cm_3980_im.npy,1.864,835189.1283569336,15.83225452256762,0.0,182.1404303738759,117.64818258200292,0.0,3.700480000000001e-05,5.740480000000001e-05,0.0,39.2147374090494,46.12817890186557,52.89627601639059,0.0,0.0,0.0,,,,,,,,,,,,,,,,
/vols/lz/tmarley/GEM_ITO/run/im0/C/130.716keV_0.000_0.000_C_1.649cm_4904_im.npy,1.649,349580.71813964844,7.593941188774923,0.0,214.20774855554015,72.99071530299514,0.0,1.3068800000000004e-05,3.8230400000000006e-05,0.0,11.235082818424322,49.663986335758615,50.060054977362334,0.0,0.0,0.0,,,,,,,,,,,,,,,,
/vols/lz/tmarley/GEM_ITO/run/im0/C/182.626keV_0.000_0.000_C_0.908cm_4212_im.npy,0.908,569348.1771240234,12.482821158822889,0.0,276.9067101273295,149.6192920493951,0.0,1.8080000000000003e-05,3.749600000000001e-05,0.0,40.10678549714994,43.69960521912934,51.86670227140484,0.0,0.0,0.0,,,,,,,,,,,,,,,,
/vols/lz/tmarley/GEM_ITO/run/im0/C/160.915keV_0.000_0.000_C_2.140cm_8632_im.npy,2.14,485090.821472168,10.58632882951799,0.0,132.210845442406,162.90970571320457,0.0,2.7641600000000003e-05,2.6310400000000005e-05,0.0,77.35393549927792,54.15611344670328,77.90592604481952,0.0,0.0,0.0,,,,,,,,,,,,,,,,
/vols/lz/tmarley/GEM_ITO/run/im3/C/77.946keV_0.000_0.000_C_1.902cm_5170_im.npy,1.902,227847.4514160156,4.957991424889107,0.0,119.86732051090588,52.77597347536953,0.0,1.5916800000000003e-05,3.5139200000000004e-05,0.0,8.040539192992386,27.81177219637961,28.638511864966414,0.0,0.0,0.0,,,,,,,,,,,,,,,,
/vols/lz/tmarley/GEM_ITO/run/im3/C/311.271keV_0.000_0.000_C_2.245cm_680_im.npy,2.245,972595.8666992188,21.290482747962987,0.0,192.89433645263549,351.2166579851124,0.0,4.701440000000001e-05,2.5822400000000005e-05,0.0,89.78534343923641,74.22425107996965,89.7853623112765,0.0,0.0,0.0,,,,,,,,,,,,,,,,
/vols/lz/tmarley/GEM_ITO/run/im3/C/129.828keV_0.000_0.000_C_0.831cm_771_im.npy,0.831,424316.8334350586,9.253254797843026,0.0,197.57518028946268,126.88849875814542,0.0,1.7977600000000002e-05,2.8729600000000004e-05,0.0,62.96589055976734,54.70379633244549,67.5128342259374,0.0,0.0,0.0,,,,,,,,,,,,,,,,
/vols/lz/tmarley/GEM_ITO/run/im3/C/106.351keV_0.000_0.000_C_0.928cm_1850_im.npy,0.928,281986.75341796875,6.104601407029205,0.0,152.63520651011484,109.48770560642131,0.0,1.3932800000000002e-05,2.3744000000000005e-05,0.0,72.74901440501199,66.61336047890056,75.84318788325402,0.0,0.0,0.0,,,,,,,,,,,,,,,,
/vols/lz/tmarley/GEM_ITO/run/im3/C/94.663keV_0.000_0.000_C_2.045cm_9932_im.npy,2.045,298186.98474121094,6.5506187041298,0.0,143.14372592158307,66.84591559971162,0.0,1.6192000000000004e-05,3.464000000000001e-05,0.0,31.87236039793423,42.88494577137301,48.18074441824192,0.0,0.0,0.0,,,,,,,,,,,,,,,,
/vols/lz/tmarley/GEM_ITO/run/im3/C/165.258keV_0.000_0.000_C_1.364cm_9503_im.npy,1.364,551573.444519043,11.971994570267878,0.0,148.22573494532267,152.5151739839161,0.0,3.0105600000000005e-05,3.2315200000000005e-05,0.0,62.83577770168052,12.240268558088903,62.97884031652397,0.0,0.0,0.0,,,,,,,,,,,,,,,,
/vols/lz/tmarley/GEM_ITO/run/im3/C/120.087keV_0.000_0.000_C_0.949cm_2334_im.npy,0.949,348669.0123901367,7.548074102491468,0.0,161.49073042422407,133.1129340468088,0.0,1.8137600000000004e-05,2.3580800000000003e-05,0.0,78.80798910558664,78.43159962775252,81.90322837901581,0.0,0.0,0.0,,,,,,,,,,,,,,,,
/vols/lz/tmarley/GEM_ITO/run/im3/C/259.207keV_0.000_0.000_C_1.457cm_889_im.npy,1.457,769235.8564453125,15.414611062089422,0.0,191.0424519991392,129.76480543978977,0.0,3.6064000000000006e-05,4.570720000000001e-05,0.0,49.79147840673311,30.28942908886708,52.83928555316202,0.0,0.0,0.0,,,,,,,,,,,,,,,,
/vols/lz/tmarley/GEM_ITO/run/im3/C/139.268keV_0.000_0.000_C_2.325cm_3335_im.npy,2.325,448803.9235229492,8.574252178485809,0.0,124.55277090218794,75.96188287210511,0.0,2.7308800000000005e-05,4.231680000000001e-05,0.0,10.054309213638987,21.21521214201782,23.11064805058121,0.0,0.0,0.0,,,,,,,,,,,,,,,,
/vols/lz/tmarley/GEM_ITO/run/im3/C/2.328keV_0.000_0.000_C_1.137cm_3267_im.npy,1.137,3614.755615234375,0.0343723888667257,0.0,5.358498557397042,2.469716232461946,0.0,5.228800000000001e-06,1.07952e-05,0.0,62.29863133788836,84.32472438763817,84.42310103166602,0.0,0.0,0.0,,,,,,,,,,,,,,,,
/vols/lz/tmarley/GEM_ITO/run/im3/C/77.037keV_0.000_0.000_C_0.713cm_3289_im.npy,0.713,223340.9351806641,4.840695468447496,0.0,156.13601766041123,60.17680186430962,0.0,1.1910400000000002e-05,3.1518400000000006e-05,0.0,1.2810817237447425,25.045030653951063,25.070177174366044,0.0,0.0,0.0,,,,,,,,,,,,,,,,
/vols/lz/tmarley/GEM_ITO/run/im3/C/104.752keV_0.000_0.000_C_2.164cm_8782_im.npy,2.164,309665.4899291992,6.839688011552857,0.0,148.69396968170977,78.97683988784311,0.0,1.6774400000000003e-05,3.360800000000001e-05,0.0,54.353775659743135,62.90443367865671,67.38827899419157,0.0,0.0,0.0,,,,,,,,,,,,,,,,
/vols/lz/tmarley/GEM_ITO/run/im3/C/91.317keV_0.000_0.000_C_1.062cm_2092_im.npy,1.062,264525.7423095703,5.7891180899409145,0.0,137.0456545345071,77.10666887366753,0.0,1.5744000000000004e-05,2.880160000000001e-05,0.0,45.69346081687258,4.163385013729603,45.76556805721834,0.0,0.0,0.0,,,,,,,,,,,,,,,,
/vols/lz/tmarley/GEM_ITO/run/im3/C/194.741keV_0.000_0.000_C_1.441cm_1862_im.npy,1.441,602820.0117797852,13.194207835188038,0.0,408.2531147531678,83.55799811271245,0.0,1.3875200000000002e-05,5.703200000000001e-05,0.0,15.537617777934438,60.543601895463176,60.84144511222056,0.0,0.0,0.0,,,,,,,,,,,,,,,,
/vols/lz/tmarley/GEM_ITO/run/im3/C/175.985keV_0.000_0.000_C_2.483cm_249_im.npy,2.483,582954.5093994141,12.185400748259564,0.0,142.5305544210819,98.14851828487744,0.0,3.348480000000001e-05,5.308960000000001e-05,0.0,42.57497819757332,33.85454535814659,48.68260585201191,0.0,0.0,0.0,,,,,,,,,,,,,,,,
/vols/lz/tmarley/GEM_ITO/run/im3/C/59.602keV_0.000_0.000_C_0.548cm_7836_im.npy,0.548,162019.19018554688,3.449518936141222,0.0,104.37561451546296,47.40211622137944,0.0,1.1782400000000004e-05,2.830880000000001e-05,0.0,35.35197962993082,12.865753012767966,36.695850723317726,0.0,0.0,0.0,,,,,,,,,,,,,,,,
/vols/lz/tmarley/GEM_ITO/run/im3/C/608.135keV_0.000_0.000_C_1.869cm_8143_im.npy,1.869,1864402.717895508,40.514405005051984,0.0,420.73512184259664,230.51622490267505,0.0,4.124800000000001e-05,8.467360000000001e-05,0.0,61.43929044235824,68.13189081714275,72.0977627559409,0.0,0.0,0.0,,,,,,,,,,,,,,,,
/vols/lz/tmarley/GEM_ITO/run/im3/C/88.154keV_0.000_0.000_C_1.131cm_362_im.npy,1.131,226307.08557128903,4.9210650447784445,0.0,157.4379505138214,60.08285194891681,0.0,1.14048e-05,3.0044800000000004e-05,0.0,2.850262183579827,17.044480397682435,17.254592291315333,0.0,0.0,0.0,,,,,,,,,,,,,,,,
/vols/lz/tmarley/GEM_ITO/run/im3/C/205.440keV_0.000_0.000_C_0.757cm_1782_im.npy,0.757,691480.8635864258,15.045639373816652,0.0,287.14431325901995,126.54322486313148,0.0,1.9814400000000005e-05,4.567680000000001e-05,0.0,66.74505905453852,75.664608994712,77.61168982620367,0.0,0.0,0.0,,,,,,,,,,,,,,,,
/vols/lz/tmarley/GEM_ITO/run/im3/C/233.322keV_0.000_0.000_C_2.497cm_1716_im.npy,2.497,842213.0873413086,18.45368243791993,0.0,324.9490084303442,104.98450530400513,0.0,1.9654400000000003e-05,6.898400000000002e-05,0.0,55.20022956859978,77.06458939356328,77.697487075532,0.0,0.0,0.0,,,,,,,,,,,,,,,,
/vols/lz/tmarley/GEM_ITO/run/im3/C/223.161keV_0.000_0.000_C_1.907cm_838_im.npy,1.907,644206.7034912109,14.077555567877289,0.0,155.86258151356378,213.80699550008444,0.0,3.5340800000000006e-05,2.790720000000001e-05,0.0,76.01338076656508,53.35738599701215,76.71089644821126,0.0,0.0,0.0,,,,,,,,,,,,,,,,
/vols/lz/tmarley/GEM_ITO/run/im3/C/111.698keV_0.000_0.000_C_1.842cm_3867_im.npy,1.842,329076.31634521484,7.2004749642631465,0.0,119.84458979478144,95.3448500495592,0.0,2.2240000000000004e-05,2.948640000000001e-05,0.0,55.8366333258564,6.458478582375631,55.91492612203673,0.0,0.0,0.0,,,,,,,,,,,,,,,,
/vols/lz/tmarley/GEM_ITO/run/im3/C/70.004keV_0.000_0.000_C_0.930cm_1705_im.npy,0.93,179588.67346191406,3.882284801801963,0.0,105.55306586587548,44.0382817145633,0.0,1.3337600000000004e-05,3.129920000000001e-05,0.0,18.93108418435511,1.2300998452154035,18.96550126137362,0.0,0.0,0.0,,,,,,,,,,,,,,,,
/vols/lz/tmarley/GEM_ITO/run/im3/C/192.877keV_0.000_0.000_C_1.939cm_4254_im.npy,1.939,661891.6447753906,14.485469395553158,0.0,153.6509660062926,226.4269476139377,0.0,3.8233600000000006e-05,2.6713600000000005e-05,0.0,74.46320854502392,13.68931676191294,74.49700096788561,0.0,0.0,0.0,,,,,,,,,,,,,,,,
/vols/lz/tmarley/GEM_ITO/run/im3/C/528.186keV_0.000_0.000_C_1.067cm_5900_im.npy,1.067,1659241.4450683594,36.263688462995134,0.0,1224.9729439176276,192.15505393512947,0.0,1.0419200000000002e-05,7.882080000000001e-05,0.0,19.13884453699073,79.35843000796505,79.38046871253383,0.0,0.0,0.0,,,,,,,,,,,,,,,,
/vols/lz/tmarley/GEM_ITO/run/im3/C/3.038keV_0.000_0.000_C_0.635cm_1721_im.npy,0.635,4095.877990722656,0.083607222435496,0.0,7.084479818061956,1.3199826484619446,0.0,3.2576000000000004e-06,1.6518400000000004e-05,0.0,66.40764225241257,67.37832546738306,73.22270809399907,0.0,0.0,0.0,,,,,,,,,,,,,,,,
/vols/lz/tmarley/GEM_ITO/run/im3/C/329.820keV_0.000_0.000_C_1.870cm_9088_im.npy,1.87,1151534.226928711,17.673123081878707,0.0,247.3812175495064,157.13269827210058,0.0,3.909120000000001e-05,5.890400000000001e-05,0.0,20.775712318194564,46.51909388835907,48.25630686444599,0.0,0.0,0.0,,,,,,,,,,,,,,,,
/vols/lz/tmarley/GEM_ITO/run/im3/C/131.137keV_0.000_0.000_C_2.135cm_6292_im.npy,2.135,397178.4704589844,8.640262237459833,0.0,137.69021283167825,107.28582620671848,0.0,2.2438400000000005e-05,3.0188800000000005e-05,0.0,69.33303185759155,58.18947722882182,72.13621407385888,0.0,0.0,0.0,,,,,,,,,,,,,,,,
/vols/lz/tmarley/GEM_ITO/run/im3/C/155.790keV_0.000_0.000_C_1.751cm_4667_im.npy,1.751,519732.56506347656,10.950354323447613,0.0,149.8139997908467,98.05465080295588,0.0,2.9094400000000004e-05,4.860640000000001e-05,0.0,38.89749423683333,28.78845248303555,44.30915440383697,0.0,0.0,0.0,,,,,,,,,,,,,,,,
/vols/lz/tmarley/GEM_ITO/run/im3/C/74.823keV_0.000_0.000_C_1.129cm_9987_im.npy,1.129,171071.1248779297,3.700261293943276,0.0,140.11710461868586,52.9663845112205,0.0,9.612800000000002e-06,2.6646400000000003e-05,0.0,0.5547299736540372,17.44980829967054,17.457581516152654,0.0,0.0,0.0,,,,,,,,,,,,,,,,
/vols/lz/tmarley/GEM_ITO/run/im3/C/381.136keV_0.000_0.000_C_2.173cm_7268_im.npy,2.173,1397005.9555664062,30.238396616924383,0.0,307.1550566539205,163.42836153422596,0.0,4.179840000000001e-05,7.717120000000001e-05,0.0,69.78421066583441,74.70362919777925,77.61633488157364,0.0,0.0,0.0,,,,,,,,,,,,,,,,
/vols/lz/tmarley/GEM_ITO/run/im3/C/88.194keV_0.000_0.000_C_1.917cm_7377_im.npy,1.917,241598.78143310547,5.166804630445698,0.0,111.9900869305547,53.55856821277198,0.0,1.7132800000000003e-05,3.4777600000000004e-05,0.0,17.13260283387716,10.28486000732769,19.682402186814706,0.0,0.0,0.0,,,,,,,,,,,,,,,,
/vols/lz/tmarley/GEM_ITO/run/im3/C/436.148keV_0.000_0.000_C_0.689cm_544_im.npy,0.689,1458090.3474731443,27.361159313628495,0.0,354.4384928470729,225.94647467694736,0.0,4.094720000000001e-05,5.035200000000001e-05,0.0,57.24370635525133,40.29959031682215,60.54312695733488,0.0,0.0,0.0,,,,,,,,,,,,,,,,
/vols/lz/tmarley/GEM_ITO/run/im3/C/83.806keV_0.000_0.000_C_0.516cm_3022_im.npy,0.516,258147.57775878903,5.64182582654859,0.0,187.3277029980628,70.17717423821557,0.0,1.1731200000000002e-05,3.2803200000000005e-05,0.0,1.53482738065035,32.30388851324303,32.327111153239976,0.0,0.0,0.0,,,,,,,,,,,,,,,,
/vols/lz/tmarley/GEM_ITO/run/im3/C/87.424keV_0.000_0.000_C_1.028cm_6437_im.npy,1.028,237546.5492553711,5.027316985609997,0.0,118.50529821841428,66.1452919810096,0.0,1.5513600000000003e-05,2.9150400000000005e-05,0.0,39.47104448399079,0.1181175126604029,39.471132587352486,0.0,0.0,0.0,,,,,,,,,,,,,,,,
/vols/lz/tmarley/GEM_ITO/run/im3/C/94.410keV_0.000_0.000_C_1.640cm_5615_im.npy,1.64,257684.2265625,5.65553744833966,0.0,135.21144975411946,80.60552821565426,0.0,1.6582400000000002e-05,2.8011200000000004e-05,0.0,47.91686155081595,21.39611984031644,49.59169082272978,0.0,0.0,0.0,,,,,,,,,,,,,,,,
/vols/lz/tmarley/GEM_ITO/run/im3/C/220.951keV_0.000_0.000_C_1.722cm_5861_im.npy,1.722,695546.5661621094,15.234824109565368,0.0,215.25527818118488,134.92469242260475,0.0,2.844160000000001e-05,4.686720000000001e-05,0.0,54.73943214177197,50.6723046436893,61.84151532784569,0.0,0.0,0.0,,,,,,,,,,,,,,,,
/vols/lz/tmarley/GEM_ITO/run/im3/C/140.102keV_0.000_0.000_C_2.255cm_8485_im.npy,2.255,438270.0526123047,9.43957006755215,0.0,179.48428296137072,81.58263861916669,0.0,2.02368e-05,4.6246400000000005e-05,0.0,7.440216855139904,44.27724116864501,44.53183315518331,0.0,0.0,0.0,,,,,,,,,,,,,,,,
/vols/lz/tmarley/GEM_ITO/run/im3/C/98.944keV_0.000_0.000_C_2.399cm_9126_im.npy,2.399,284962.4729614258,6.187433390488906,0.0,113.0880873801531,86.81539383984702,0.0,1.9660800000000003e-05,2.803680000000001e-05,0.0,59.96360190264136,42.79079906419655,62.98891020968601,0.0,0.0,0.0,,,,,,,,,,,,,,,,
/vols/lz/tmarley/GEM_ITO/run/im3/C/268.994keV_0.000_0.000_C_0.655cm_2346_im.npy,0.655,928748.3801269532,20.213206269699597,0.0,203.5782477329601,332.0489667985161,0.0,3.9046400000000006e-05,2.5246400000000003e-05,0.0,84.84575005487876,45.04261843310442,84.86654133471943,0.0,0.0,0.0,,,,,,,,,,,,,,,,
/vols/lz/tmarley/GEM_ITO/run/im3/C/2.290keV_0.000_0.000_C_0.807cm_6323_im.npy,0.807,2045.422912597656,0.0448988891280495,0.0,5.544779917891401,1.2447737723173702,0.0,2.9696000000000003e-06,1.4448000000000005e-05,0.0,50.1721648604046,66.87622394923201,69.18829502310318,0.0,0.0,0.0,,,,,,,,,,,,,,,,
/vols/lz/tmarley/GEM_ITO/run/im3/C/77.743keV_0.000_0.000_C_1.538cm_8941_im.npy,1.538,218954.64361572263,4.7248631960991245,0.0,97.9013536792068,70.4246837826105,0.0,1.6768000000000003e-05,2.605600000000001e-05,0.0,60.97511574403241,17.878260847042405,61.3567760636051,0.0,0.0,0.0,,,,,,,,,,,,,,,,
/vols/lz/tmarley/GEM_ITO/run/im3/C/213.968keV_0.000_0.000_C_1.296cm_6954_im.npy,1.296,745715.3246459961,15.569609107010892,0.0,168.28480240012632,177.08956017189894,0.0,3.896960000000001e-05,3.9176000000000006e-05,0.0,58.73771615240643,0.6071632020620211,58.73824217915541,0.0,0.0,0.0,,,,,,,,,,,,,,,,
/vols/lz/tmarley/GEM_ITO/run/im3/C/3.422keV_0.000_0.000_C_0.522cm_7466_im.npy,0.522,4266.6866455078125,0.1010262065339752,0.0,9.241834434426504,1.6354398860844543,0.0,3.4304000000000006e-06,1.6664000000000002e-05,0.0,68.58794257428777,72.96520689786365,76.42651548767293,0.0,0.0,0.0,,,,,,,,,,,,,,,,
/vols/lz/tmarley/GEM_ITO/run/im3/C/469.713keV_0.000_0.000_C_1.827cm_1153_im.npy,1.827,1499689.5949707031,26.10325730497539,0.0,335.54804189185666,208.7388968762116,0.0,4.5881600000000005e-05,6.485440000000001e-05,0.0,44.85261395772287,52.58101716219508,58.66733743912898,0.0,0.0,0.0,,,,,,,,,,,,,,,,
/vols/lz/tmarley/GEM_ITO/run/im3/C/112.748keV_0.000_0.000_C_1.076cm_3076_im.npy,1.076,294089.4682006836,6.3656001151797055,0.0,166.5441117280862,65.47989499621042,0.0,1.3427200000000002e-05,3.60352e-05,0.0,9.602649461086036,44.84176802251508,45.250434567555416,0.0,0.0,0.0,,,,,,,,,,,,,,,,
/vols/lz/tmarley/GEM_ITO/run/im3/C/79.637keV_0.000_0.000_C_1.816cm_4513_im.npy,1.816,211816.57830810547,4.595810711705105,0.0,126.80234458449716,58.0325749411855,0.0,1.3011200000000002e-05,2.971040000000001e-05,0.0,5.7862599469076175,22.507543101470684,23.102055917850848,0.0,0.0,0.0,,,,,,,,,,,,,,,,
/vols/lz/tmarley/GEM_ITO/run/im3/C/213.423keV_0.000_0.000_C_0.601cm_964_im.npy,0.601,695901.0451049805,11.480686565283396,0.0,214.11762500613136,145.6876304585403,0.0,3.007360000000001e-05,4.110240000000001e-05,0.0,23.262101159407976,10.185736432648746,24.98178970853464,0.0,0.0,0.0,,,,,,,,,,,,,,,,
/vols/lz/tmarley/GEM_ITO/run/im3/C/55.781keV_0.000_0.000_C_0.734cm_5201_im.npy,0.734,147719.46032714844,3.143562132992604,0.0,101.77529492816302,41.43990069431338,0.0,1.0195200000000002e-05,2.758880000000001e-05,0.0,18.194224293729803,7.210117218630513,19.401151741227203,0.0,0.0,0.0,,,,,,,,,,,,,,,,
/vols/lz/tmarley/GEM_ITO/run/im3/C/166.325keV_0.000_0.000_C_1.177cm_8053_im.npy,1.177,485750.6767578125,10.468622299963227,0.0,284.68211285476133,106.41100468474151,0.0,1.2857600000000002e-05,3.703200000000001e-05,0.0,20.97590600854248,61.38137685416986,61.89426175881345,0.0,0.0,0.0,,,,,,,,,,,,,,,,
/vols/lz/tmarley/GEM_ITO/run/im3/C/162.487keV_0.000_0.000_C_2.410cm_8628_im.npy,2.41,470733.8745727539,10.422261255503852,0.0,132.1120779840812,125.97022849563604,0.0,2.7430400000000004e-05,3.594720000000001e-05,0.0,58.23670288581532,61.4228694537884,67.75737736319869,0.0,0.0,0.0,,,,,,,,,,,,,,,,
/vols/lz/tmarley/GEM_ITO/run/im3/C/455.964keV_0.000_0.000_C_1.973cm_3885_im.npy,1.973,1413739.3381958008,30.78821759939888,0.0,783.0917381175664,147.14722084030302,0.0,1.3542400000000004e-05,8.031840000000001e-05,0.0,24.416826289115328,77.46075375222512,77.52219599664556,0.0,0.0,0.0,,,,,,,,,,,,,,,,
/vols/lz/tmarley/GEM_ITO/run/im3/C/75.508keV_0.000_0.000_C_2.464cm_2266_im.npy,2.464,225925.5545654297,4.997780222978975,0.0,93.05851051907764,63.2728535678006,0.0,1.9750400000000003e-05,2.9270400000000004e-05,0.0,48.64778944183335,0.1855913828531174,48.64790492129762,0.0,0.0,0.0,,,,,,,,,,,,,,,,
/vols/lz/tmarley/GEM_ITO/run/im3/C/98.476keV_0.000_0.000_C_0.628cm_7667_im.npy,0.628,297035.21368408203,6.4370312770486455,0.0,155.9666035524657,66.03061651731814,0.0,1.55328e-05,3.5352e-05,0.0,31.420610581334103,28.9500010380211,39.49295838798044,0.0,0.0,0.0,,,,,,,,,,,,,,,,
/vols/lz/tmarley/GEM_ITO/run/im3/C/87.661keV_0.000_0.000_C_0.844cm_566_im.npy,0.844,279202.9031982422,6.012288663434657,0.0,212.2939070637568,80.2497340140153,0.0,1.03232e-05,3.0307200000000004e-05,0.0,27.818841706583356,57.56848522987392,58.93381634852592,0.0,0.0,0.0,,,,,,,,,,,,,,,,
/vols/lz/tmarley/GEM_ITO/run/im3/C/190.717keV_0.000_0.000_C_1.819cm_9012_im.npy,1.819,616437.0738525391,11.285116438589004,0.0,164.7257106209389,97.2394179709044,0.0,2.8006400000000003e-05,5.295200000000001e-05,0.0,4.6012159584358185,36.78759584871396,36.94596259771191,0.0,0.0,0.0,,,,,,,,,,,,,,,,
/vols/lz/tmarley/GEM_ITO/run/im3/C/545.663keV_0.000_0.000_C_0.680cm_3953_im.npy,0.68,1445330.819152832,24.356956256799084,0.0,492.26107232397135,215.35164668752984,0.0,2.4275200000000004e-05,5.381600000000001e-05,0.0,3.743148603473151,47.7220514507578,47.77241375168987,0.0,0.0,0.0,,,,,,,,,,,,,,,,
/vols/lz/tmarley/GEM_ITO/run/im0/C/270.288keV_0.000_0.000_C_0.942cm_2996_im.npy,0.942,921185.389038086,20.143205595965647,0.0,206.58717779860245,374.3249020557256,0.0,3.7696000000000006e-05,2.4152000000000005e-05,0.0,87.17706136587981,82.76933408403285,87.36851795296445,0.0,0.0,0.0,,,,,,,,,,,,,,,,
/vols/lz/tmarley/GEM_ITO/run/im0/C/1.154keV_0.000_0.000_C_0.752cm_2619_im.npy,0.752,320.129150390625,0.0252018820891848,51461.426,2.21624924433733,0.0303264499018053,0.15915176,1.4912000000000002e-05,0.0022688176,8.529766400000002e-07,72.79051730470714,85.61820719642671,85.74596355469919,870.0,1207.5674518201286,0.0,,,,,,,,,,,,,,,,
/vols/lz/tmarley/GEM_ITO/run/im0/C/295.370keV_0.000_0.000_C_1.854cm_5067_im.npy,1.854,932980.8216552734,13.00331181126332,0.0,174.41311854351244,158.85459458220924,0.0,4.377600000000001e-05,4.632000000000001e-05,0.0,23.23814033383644,23.74759528529785,31.58187580944486,0.0,0.0,0.0,,,,,,,,,,,,,,,,
/vols/lz/tmarley/GEM_ITO/run/im0/C/332.217keV_0.000_0.000_C_1.457cm_7858_im.npy,1.457,1119986.8887329102,21.23029149930641,0.0,285.2061877739495,150.99862039308596,0.0,3.429760000000001e-05,6.920320000000001e-05,0.0,32.943994904516096,55.98411203025718,58.26907793400382,0.0,0.0,0.0,,,,,,,,,,,,,,,,
/vols/lz/tmarley/GEM_ITO/run/im0/C/95.970keV_0.000_0.000_C_0.576cm_6593_im.npy,0.576,279409.03729248047,5.992522363607819,0.0,206.80954068257583,74.73004657405492,0.0,1.04768e-05,3.0409600000000004e-05,0.0,31.8535180756619,52.026445977389805,54.91922592185594,0.0,0.0,0.0,,,,,,,,,,,,,,,,
/vols/lz/tmarley/GEM_ITO/run/im0/C/153.294keV_0.000_0.000_C_0.629cm_416_im.npy,0.629,571014.3706665039,9.734216195966308,0.0,168.30054197015556,101.03492229946706,0.0,2.749440000000001e-05,3.991520000000001e-05,0.0,22.31948550035544,0.9713194309646458,22.336642188591902,0.0,0.0,0.0,,,,,,,,,,,,,,,,
/vols/lz/tmarley/GEM_ITO/run/im0/C/2.237keV_0.000_0.000_C_0.606cm_2751_im.npy,0.606,2816.1690673828125,0.0634130103758015,0.0,6.200727170256008,1.173430742162741,0.0,3.3792000000000006e-06,1.6488000000000002e-05,0.0,88.52762528741616,72.95965182779017,88.53277323390301,0.0,0.0,0.0,,,,,,,,,,,,,,,,
/vols/lz/tmarley/GEM_ITO/run/im3/C/112.059keV_0.000_0.000_C_1.899cm_9318_im.npy,1.899,314711.9993286133,6.847394968650868,0.0,142.31626879210853,61.547223849104526,0.0,1.7164800000000002e-05,3.838560000000001e-05,0.0,6.7035248561115965,32.025442890321564,32.47407076659708,0.0,0.0,0.0,,,,,,,,,,,,,,,,
/vols/lz/tmarley/GEM_ITO/run/im3/C/57.825keV_0.000_0.000_C_2.179cm_5735_im.npy,2.179,162333.5908203125,3.542512228280799,0.0,88.84480959159944,43.800777718567225,0.0,1.4572800000000002e-05,2.929920000000001e-05,0.0,13.47276834218922,0.5200331464031193,13.482081116512427,0.0,0.0,0.0,,,,,,,,,,,,,,,,
/vols/lz/tmarley/GEM_ITO/run/im3/C/192.353keV_0.000_0.000_C_0.926cm_6073_im.npy,0.926,597836.9927368164,11.958186765488913,0.0,189.45283546017075,104.22323005568975,0.0,2.6355200000000005e-05,4.501280000000001e-05,0.0,36.58783753881607,32.571245273981795,44.40267983030601,0.0,0.0,0.0,,,,,,,,,,,,,,,,
/vols/lz/tmarley/GEM_ITO/run/im3/C/95.743keV_0.000_0.000_C_0.604cm_9824_im.npy,0.604,253257.03326416016,5.575403756018802,0.0,156.24744651777422,62.45359986692627,0.0,1.3747200000000005e-05,3.292800000000001e-05,0.0,19.11228225343852,16.345197870610907,24.41659818234018,0.0,0.0,0.0,,,,,,,,,,,,,,,,
/vols/lz/tmarley/GEM_ITO/run/im3/C/184.835keV_0.000_0.000_C_0.691cm_6969_im.npy,0.691,519181.1939086914,11.251979466332251,0.0,207.4005991124799,83.17810770852454,0.0,1.8227200000000004e-05,5.0944000000000006e-05,0.0,21.078359430528632,40.33505318156582,42.99950062896397,0.0,0.0,0.0,,,,,,,,,,,,,,,,
/vols/lz/tmarley/GEM_ITO/run/im3/C/97.277keV_0.000_0.000_C_2.153cm_543_im.npy,2.153,347202.5487060547,7.46394359495184,0.0,132.77387883770706,72.4803388505284,0.0,2.0172800000000004e-05,3.807680000000001e-05,0.0,40.6800786165939,44.15798791633316,52.36319398686224,0.0,0.0,0.0,,,,,,,,,,,,,,,,
/vols/lz/tmarley/GEM_ITO/run/im3/C/182.556keV_0.000_0.000_C_0.660cm_2493_im.npy,0.66,501367.53302001953,10.457111104214034,0.0,182.3621716199769,94.07887901956,0.0,2.0870400000000003e-05,4.002720000000001e-05,0.0,12.33238383112888,5.235204623615799,13.335888616983498,0.0,0.0,0.0,,,,,,,,,,,,,,,,
/vols/lz/tmarley/GEM_ITO/run/im3/C/1.386keV_0.000_0.000_C_0.874cm_8656_im.npy,0.874,2871.3519897460938,0.044890064216826,0.0,4.674333100380738,1.389062571731394,0.0,4.960000000000001e-06,1.4699200000000003e-05,0.0,84.3682516804005,65.64305007619299,84.4964775879569,0.0,0.0,0.0,,,,,,,,,,,,,,,,
/vols/lz/tmarley/GEM_ITO/run/im3/C/153.548keV_0.000_0.000_C_1.121cm_5215_im.npy,1.121,485400.3745727539,10.361301048285863,0.0,191.47764505161143,77.95274220786162,0.0,2.02816e-05,4.861280000000001e-05,0.0,4.755812049598189,40.995649149642965,41.12505973844106,0.0,0.0,0.0,,,,,,,,,,,,,,,,
/vols/lz/tmarley/GEM_ITO/run/im3/C/61.309keV_0.000_0.000_C_1.946cm_4850_im.npy,1.946,171440.72131347656,3.722625746944943,0.0,105.72880022867488,44.64176275148196,0.0,1.4073600000000002e-05,3.068160000000001e-05,0.0,4.847533508210978,24.53872413081721,24.907937125150895,0.0,0.0,0.0,,,,,,,,,,,,,,,,
/vols/lz/tmarley/GEM_ITO/run/im3/C/1.026keV_0.000_0.000_C_1.703cm_5275_im.npy,1.703,2917.00146484375,0.0595123232391906,0.0,5.413600445997245,1.7466756169308928,0.0,5.356800000000001e-06,1.5312000000000002e-05,0.0,84.58187138722676,66.65017475127146,84.7073635068777,0.0,0.0,0.0,,,,,,,,,,,,,,,,
/vols/lz/tmarley/GEM_ITO/run/im3/C/194.446keV_0.000_0.000_C_1.955cm_2040_im.npy,1.955,542937.641418457,11.837762992540924,0.0,183.5493579041203,81.39860780108818,0.0,2.3398400000000003e-05,5.287520000000001e-05,0.0,37.12118279211633,49.33892430336324,54.24064639677274,0.0,0.0,0.0,,,,,,,,,,,,,,,,
/vols/lz/tmarley/GEM_ITO/run/im3/C/2.298keV_0.000_0.000_C_2.416cm_5258_im.npy,2.416,2615.295166015625,0.0698643318314976,6250.9688,4.786168069924116,1.832084912480041,1.5154642,8.076800000000002e-06,1.6584000000000002e-05,5.4988800000000024e-09,3.800737866625725,69.78071964207743,69.78627965515618,115.3734939759036,141.3391304347826,0.0,,,,,,,,,,,,,,,,
/vols/lz/tmarley/GEM_ITO/run/im3/C/86.676keV_0.000_0.000_C_1.433cm_350_im.npy,1.433,258205.97784423828,5.625747682303508,0.0,119.88891730092044,58.159722589372926,0.0,1.6608000000000004e-05,3.5643200000000005e-05,0.0,4.279117030147988,10.658761756883118,11.44951109619529,0.0,0.0,0.0,,,,,,,,,,,,,,,,
/vols/lz/tmarley/GEM_ITO/run/im3/C/72.967keV_0.000_0.000_C_2.352cm_949_im.npy,2.352,220980.43572998047,4.763943362551709,0.0,115.75170123886755,54.30784438308167,0.0,1.5328000000000003e-05,3.2408000000000005e-05,0.0,18.17300902341208,22.767828651465617,28.049879488107955,0.0,0.0,0.0,,,,,,,,,,,,,,,,
/vols/lz/tmarley/GEM_ITO/run/im3/C/72.147keV_0.000_0.000_C_0.975cm_8891_im.npy,0.975,191035.9336547852,4.023291714379477,0.0,111.21407315457547,54.81381404718182,0.0,1.4099200000000002e-05,2.9825600000000005e-05,0.0,25.303229738772867,7.090911670237259,26.052092718153254,0.0,0.0,0.0,,,,,,,,,,,,,,,,
/vols/lz/tmarley/GEM_ITO/run/im3/C/219.354keV_0.000_0.000_C_0.515cm_8854_im.npy,0.515,713308.4567871094,14.241676321312656,0.0,202.45000876399936,144.90749009402208,0.0,3.1558400000000006e-05,4.106560000000001e-05,0.0,50.30161030156881,2.7415241374796957,50.32384048992165,0.0,0.0,0.0,,,,,,,,,,,,,,,,
/vols/lz/tmarley/GEM_ITO/run/im3/C/85.947keV_0.000_0.000_C_1.925cm_5063_im.npy,1.925,287578.0296020508,6.155505745789903,0.0,137.06185268515958,79.3351180036374,0.0,1.6563200000000004e-05,3.122240000000001e-05,0.0,58.43188361098351,63.04493047101795,68.60659875159973,0.0,0.0,0.0,,,,,,,,,,,,,,,,
/vols/lz/tmarley/GEM_ITO/run/im3/C/224.511keV_0.000_0.000_C_1.287cm_2716_im.npy,1.287,612206.1391601562,12.610468952266386,0.0,208.96058916321468,94.00063434894976,0.0,2.6291200000000003e-05,4.7241600000000005e-05,0.0,33.645076597542136,31.491449867370733,42.130862158855216,0.0,0.0,0.0,,,,,,,,,,,,,,,,
/vols/lz/tmarley/GEM_ITO/run/im3/C/60.257keV_0.000_0.000_C_0.813cm_9290_im.npy,0.813,177140.6693725586,3.7808272767377527,0.0,128.15594358686113,47.51584784253689,0.0,1.0438400000000002e-05,2.8270400000000006e-05,0.0,10.413239184902068,9.666822346381071,14.067195395627502,0.0,0.0,0.0,,,,,,,,,,,,,,,,
/vols/lz/tmarley/GEM_ITO/run/im3/C/149.891keV_0.000_0.000_C_0.657cm_2163_im.npy,0.657,418711.45721435547,9.104282041864828,0.0,286.83501203554306,85.25110846967907,0.0,1.18336e-05,3.824320000000001e-05,0.0,27.485395332433256,58.95106885656213,60.122415123820296,0.0,0.0,0.0,,,,,,,,,,,,,,,,
/vols/lz/tmarley/GEM_ITO/run/im3/C/151.056keV_0.000_0.000_C_2.058cm_397_im.npy,2.058,385266.1977539063,8.405744200170712,0.0,127.85902729631955,91.68258569336696,0.0,2.3494400000000003e-05,3.5584000000000004e-05,0.0,46.725352042261896,26.885547214612373,49.64635798744069,0.0,0.0,0.0,,,,,,,,,,,,,,,,
/vols/lz/tmarley/GEM_ITO/run/im3/C/1.675keV_0.000_0.000_C_1.316cm_274_im.npy,1.316,1439.7015380859375,0.0391982500148458,3817.8582,4.483248370692873,0.999587512435878,1.2192595,4.857600000000001e-06,1.60304e-05,5.1220480000000015e-09,46.83989180082073,61.635761927312096,64.92567068097878,170.4277456647399,213.45882352941177,0.0,,,,,,,,,,,,,,,,
/vols/lz/tmarley/GEM_ITO/run/im3/C/112.047keV_0.000_0.000_C_1.899cm_8286_im.npy,1.899,353416.94494628906,7.713549159655015,0.0,114.64084206360798,79.61726698531798,0.0,2.3129600000000003e-05,3.5390400000000006e-05,0.0,39.74449407088204,10.458775842699902,40.42342096187601,0.0,0.0,0.0,,,,,,,,,,,,,,,,
/vols/lz/tmarley/GEM_ITO/run/im3/C/112.741keV_0.000_0.000_C_0.823cm_3819_im.npy,0.823,309809.9793701172,6.725014721703177,0.0,136.31790543128807,106.40646627676432,0.0,1.6627200000000002e-05,2.5713600000000004e-05,0.0,66.6608648115354,43.41029090469998,68.22421958916966,0.0,0.0,0.0,,,,,,,,,,,,,,,,
/vols/lz/tmarley/GEM_ITO/run/im3/C/111.070keV_0.000_0.000_C_1.019cm_7313_im.npy,1.019,320446.1461791992,7.011803765532817,0.0,209.83777877009027,86.94418099951392,0.0,1.3894400000000002e-05,3.0662400000000006e-05,0.0,47.23663243782217,46.24239430068766,56.3674951208108,0.0,0.0,0.0,,,,,,,,,,,,,,,,
/vols/lz/tmarley/GEM_ITO/run/im3/C/172.173keV_0.000_0.000_C_1.062cm_9702_im.npy,1.062,492541.2683105469,10.706883279536711,0.0,169.80241387454902,157.1934231245803,0.0,2.2329600000000004e-05,2.7121600000000005e-05,0.0,73.79331203403083,54.10822210075596,74.90581455231941,0.0,0.0,0.0,,,,,,,,,,,,,,,,
/vols/lz/tmarley/GEM_ITO/run/im3/C/246.636keV_0.000_0.000_C_1.352cm_1280_im.npy,1.352,839546.916015625,15.898333852171078,0.0,184.8972237741668,156.5666380439216,0.0,3.718400000000001e-05,4.1976000000000006e-05,0.0,47.04044607781421,17.51402742815555,48.22173490410773,0.0,0.0,0.0,,,,,,,,,,,,,,,,
/vols/lz/tmarley/GEM_ITO/run/im3/C/347.508keV_0.000_0.000_C_1.871cm_1855_im.npy,1.871,1009743.5681762696,21.980239296816805,0.0,532.385703582318,114.50760067414085,0.0,1.6179200000000003e-05,7.182720000000002e-05,0.0,24.62942459658432,72.76677440054014,72.92840282929727,0.0,0.0,0.0,,,,,,,,,,,,,,,,
/vols/lz/tmarley/GEM_ITO/run/im3/C/169.392keV_0.000_0.000_C_0.883cm_4693_im.npy,0.883,548063.7669677734,10.17442013218504,0.0,161.31350370362446,97.79307875139976,0.0,2.767360000000001e-05,4.178880000000001e-05,0.0,29.39781212579997,21.20085116052385,34.373462092013355,0.0,0.0,0.0,,,,,,,,,,,,,,,,
/vols/lz/tmarley/GEM_ITO/run/im3/C/189.345keV_0.000_0.000_C_1.669cm_6358_im.npy,1.669,554643.1583251953,11.98463797208373,0.0,219.32626054471237,141.09879224243323,0.0,2.3148800000000004e-05,3.339520000000001e-05,0.0,71.94520200412744,71.06191209474325,76.70332987250758,0.0,0.0,0.0,,,,,,,,,,,,,,,,
/vols/lz/tmarley/GEM_ITO/run/im3/C/307.111keV_0.000_0.000_C_1.401cm_1110_im.npy,1.401,1025321.5317382812,20.935316610055654,0.0,320.7815829609634,132.731480243375,0.0,3.1187200000000005e-05,6.425920000000001e-05,0.0,44.69802844298125,55.48120466356138,60.378122356017656,0.0,0.0,0.0,,,,,,,,,,,,,,,,
/vols/lz/tmarley/GEM_ITO/run/im3/C/160.804keV_0.000_0.000_C_1.840cm_9724_im.npy,1.84,480530.4273071289,9.37286578872388,0.0,149.38416599339968,80.32941760978544,0.0,2.6828800000000003e-05,4.528000000000001e-05,0.0,2.88980870457535,15.8830668861394,16.11829228923731,0.0,0.0,0.0,,,,,,,,,,,,,,,,
/vols/lz/tmarley/GEM_ITO/run/im3/C/3.909keV_0.000_0.000_C_0.942cm_5338_im.npy,0.942,5015.85888671875,0.0783919223591759,0.0,8.607572901707265,1.7387464081668125,0.0,4.3456e-06,1.6819200000000003e-05,0.0,27.55602964332057,77.0085133345184,77.09851948972452,0.0,0.0,0.0,,,,,,,,,,,,,,,,
/vols/lz/tmarley/GEM_ITO/run/im3/C/2.288keV_0.000_0.000_C_1.334cm_5777_im.npy,1.334,4453.565673828125,0.0599967238005398,7791.818,4.413496590394826,1.9292014040571837,1.9327582,9.1904e-06,1.69728e-05,5.496832000000001e-09,4.291668712901788,82.58076042249685,82.58111070143435,79.95180722891565,135.1636363636364,0.0,,,,,,,,,,,,,,,,
/vols/lz/tmarley/GEM_ITO/run/im3/C/101.177keV_0.000_0.000_C_1.318cm_8564_im.npy,1.318,315209.76092529297,6.853293308415415,0.0,138.90274330144348,90.24631083435908,0.0,1.7664000000000002e-05,2.830560000000001e-05,0.0,62.36826057428449,42.620134576661,64.75027493595891,0.0,0.0,0.0,,,,,,,,,,,,,,,,
/vols/lz/tmarley/GEM_ITO/run/im3/C/172.940keV_0.000_0.000_C_1.417cm_6076_im.npy,1.417,552045.3400268555,12.036654843237583,0.0,146.25591752721647,224.8058665464375,0.0,2.9113600000000005e-05,2.34816e-05,0.0,84.84179522400579,86.9199114810577,87.35361833888015,0.0,0.0,0.0,,,,,,,,,,,,,,,,
/vols/lz/tmarley/GEM_ITO/run/im3/C/86.845keV_0.000_0.000_C_1.783cm_9809_im.npy,1.783,225630.7748413086,4.906277426124568,0.0,115.48339022831406,55.38619445511537,0.0,1.4361600000000002e-05,3.2169600000000005e-05,0.0,8.223430634050754,16.548056607056502,18.283998202312365,0.0,0.0,0.0,,,,,,,,,,,,,,,,
/vols/lz/tmarley/GEM_ITO/run/im3/C/95.779keV_0.000_0.000_C_1.029cm_9746_im.npy,1.029,328070.47564697266,7.166656275195791,0.0,144.40810550188604,67.77503941740291,0.0,1.7305600000000002e-05,4.2371200000000005e-05,0.0,6.080876813776838,35.395869611988154,35.69709975004886,0.0,0.0,0.0,,,,,,,,,,,,,,,,
/vols/lz/tmarley/GEM_ITO/run/im3/C/208.479keV_0.000_0.000_C_0.629cm_7697_im.npy,0.629,627281.373840332,13.636575372204968,0.0,193.0769294850774,130.76321497279875,0.0,2.6924800000000004e-05,4.3712e-05,0.0,52.70500936122102,33.65755101280759,55.81196229578088,0.0,0.0,0.0,,,,,,,,,,,,,,,,
/vols/lz/tmarley/GEM_ITO/run/im3/C/98.490keV_0.000_0.000_C_1.847cm_1084_im.npy,1.847,331520.63165283203,7.074898636601312,0.0,123.75972571286076,81.89518304422813,0.0,2.14528e-05,3.3616000000000005e-05,0.0,45.14990974491224,24.935287670482428,47.92151034443434,0.0,0.0,0.0,,,,,,,,,,,,,,,,
/vols/lz/tmarley/GEM_ITO/run/im3/C/142.700keV_0.000_0.000_C_2.225cm_3882_im.npy,2.225,429757.34802246094,9.361661773708356,0.0,147.44984818206325,81.05675171529599,0.0,2.388480000000001e-05,4.596640000000001e-05,0.0,17.077487861525366,20.162386506341843,25.58276871116722,0.0,0.0,0.0,,,,,,,,,,,,,,,,
/vols/lz/tmarley/GEM_ITO/run/im3/C/2.293keV_0.000_0.000_C_0.503cm_4841_im.npy,0.503,4693.12060546875,0.0899381312098126,0.0,9.549818713744934,1.9831184653804024,0.0,4.089600000000001e-06,1.67024e-05,0.0,37.49186465421569,77.03178918054552,77.22297600521529,0.0,0.0,0.0,,,,,,,,,,,,,,,,
/vols/lz/tmarley/GEM_ITO/run/im3/C/317.349keV_0.000_0.000_C_2.350cm_8543_im.npy,2.35,988117.8071289062,21.533694454606184,0.0,352.3515740148917,136.7077451143835,0.0,3.0227200000000004e-05,5.856480000000001e-05,0.0,73.59038878468738,75.9306286250502,79.19448708541118,0.0,0.0,0.0,,,,,,,,,,,,,,,,
/vols/lz/tmarley/GEM_ITO/run/im3/C/309.455keV_0.000_0.000_C_1.831cm_4541_im.npy,1.831,810737.2774047852,17.77704139015294,0.0,226.0558726190126,197.131063274446,0.0,3.8233600000000006e-05,3.8057600000000006e-05,0.0,45.624567798761525,12.463250839922186,46.27887717443792,0.0,0.0,0.0,,,,,,,,,,,,,,,,
/vols/lz/tmarley/GEM_ITO/run/im3/C/161.305keV_0.000_0.000_C_1.681cm_3251_im.npy,1.681,554747.3387451172,12.160546689111344,0.0,136.98044352242434,148.6226187940861,0.0,3.2620800000000005e-05,3.1134400000000005e-05,0.0,69.48452675046123,32.861248597598646,70.0127702177562,0.0,0.0,0.0,,,,,,,,,,,,,,,,
/vols/lz/tmarley/GEM_ITO/run/im3/C/162.673keV_0.000_0.000_C_0.899cm_216_im.npy,0.899,541473.8092651367,11.674933787120684,0.0,368.19473319913016,92.78649823530858,0.0,1.10208e-05,4.774400000000001e-05,0.0,13.02272604274172,69.08938049789845,69.1635696777183,0.0,0.0,0.0,,,,,,,,,,,,,,,,
/vols/lz/tmarley/GEM_ITO/run/im3/C/280.898keV_0.000_0.000_C_1.790cm_761_im.npy,1.79,1046625.1869506836,15.224015150432017,0.0,208.3255657248313,150.34932192997903,0.0,4.059520000000001e-05,5.214400000000001e-05,0.0,30.374769149515085,41.77050706321433,46.89159686496723,0.0,0.0,0.0,,,,,,,,,,,,,,,,
/vols/lz/tmarley/GEM_ITO/run/im3/C/409.475keV_0.000_0.000_C_1.416cm_7317_im.npy,1.416,1422144.708618164,19.29028132704888,0.0,245.4143981727473,261.8913895076897,0.0,5.069440000000001e-05,3.84304e-05,0.0,45.0380975589974,3.550739581338497,45.09299841485284,0.0,0.0,0.0,,,,,,,,,,,,,,,,
/vols/lz/tmarley/GEM_ITO/run/im0/C/90.338keV_0.000_0.000_C_1.870cm_7448_im.npy,1.87,217797.6567993164,4.715656275750551,0.0,128.76638666252558,58.53007063326378,0.0,1.3843200000000002e-05,2.9924800000000005e-05,0.0,33.06081172180734,28.798432634868018,40.43062211846174,0.0,0.0,0.0,,,,,,,,,,,,,,,,
/vols/lz/tmarley/GEM_ITO/run/im0/C/76.455keV_0.000_0.000_C_1.182cm_4862_im.npy,1.182,245462.78515625,5.348865224665204,0.0,158.46943707631382,58.88250083752598,0.0,1.1820800000000002e-05,3.266560000000001e-05,0.0,7.019320952904163,46.7301518464059,46.92091519411338,0.0,0.0,0.0,,,,,,,,,,,,,,,,
/vols/lz/tmarley/GEM_ITO/run/im0/C/101.864keV_0.000_0.000_C_1.491cm_8395_im.npy,1.491,319432.3128051758,6.978601015907984,0.0,127.08241051418489,70.21006424795121,0.0,2.1568000000000004e-05,3.603360000000001e-05,0.0,38.53340253317116,8.301397557012208,38.99515918942862,0.0,0.0,0.0,,,,,,,,,,,,,,,,
/vols/lz/tmarley/GEM_ITO/run/im0/C/2.530keV_0.000_0.000_C_2.496cm_7981_im.npy,2.496,-114.58209228515624,0.0310514016838645,75149.79,2.443327000465368,0.0263056206862945,0.18665183,2.5305600000000004e-05,0.0022700496,1.1610583040000004e-06,17.81492797493845,86.0445898225712,86.04556279947732,638.7073170731708,1212.772532188841,0.0,,,,,,,,,,,,,,,,
/vols/lz/tmarley/GEM_ITO/run/im0/C/175.803keV_0.000_0.000_C_1.927cm_8894_im.npy,1.927,551955.8118286133,12.155861490508215,0.0,147.9798202467949,168.8915143643156,0.0,3.067520000000001e-05,2.8643200000000004e-05,0.0,70.30421056447224,21.869979197658083,70.48923716049963,0.0,0.0,0.0,,,,,,,,,,,,,,,,
/vols/lz/tmarley/GEM_ITO/run/im3/F/171.641keV_0.000_0.000_F_0.965cm_5243_im.npy,0.965,431901.2955932617,9.160125392065446,0.0,180.36022753441665,76.07837204221804,0.0,2.0268800000000005e-05,4.118560000000001e-05,0.0,2.5090893749891388,12.552177093714086,12.785124427914376,0.0,0.0,0.0,,,,,,,,,,,,,,,,
/vols/lz/tmarley/GEM_ITO/run/im3/F/131.471keV_0.000_0.000_F_0.892cm_3661_im.npy,0.892,315777.56427001953,6.849480957942902,0.0,168.3525018317494,112.44375535698738,0.0,1.5955200000000003e-05,2.5702400000000003e-05,0.0,62.37869782709224,8.239870864526562,62.44602023089232,0.0,0.0,0.0,,,,,,,,,,,,,,,,
/vols/lz/tmarley/GEM_ITO/run/im3/F/222.584keV_0.000_0.000_F_1.704cm_9667_im.npy,1.704,592003.9203491211,12.758948619372177,0.0,185.07001248258985,151.8698942328629,0.0,2.5696000000000003e-05,3.35504e-05,0.0,64.86910263051132,52.35818600008884,68.15986790768389,0.0,0.0,0.0,,,,,,,,,,,,,,,,
/vols/lz/tmarley/GEM_ITO/run/im3/F/2.431keV_0.000_0.000_F_0.757cm_633_im.npy,0.757,4273.3919677734375,0.0608122906403557,0.0,6.937441625466765,1.5756770797791304,0.0,4.576000000000001e-06,1.5222400000000002e-05,0.0,59.29615615950501,65.50475213197663,70.12574178172379,0.0,0.0,0.0,,,,,,,,,,,,,,,,
/vols/lz/tmarley/GEM_ITO/run/im3/F/1.240keV_0.000_0.000_F_1.409cm_2988_im.npy,1.409,444.82916259765625,0.0214667524568732,35745.703,2.4570457883054324,0.023187482572933,0.14171532,1.1398400000000004e-05,0.002254504,7.449681920000002e-07,84.92035907741541,87.28836374395587,87.60647774429066,992.4444444444446,1218.0,0.0,,,,,,,,,,,,,,,,
/vols/lz/tmarley/GEM_ITO/run/im3/F/1.306keV_0.000_0.000_F_2.353cm_8921_im.npy,2.353,63.4130859375,0.0225148401395508,77098.31,2.2302525847052483,0.0299588399670691,0.18183455,2.1017600000000004e-05,0.0022580272,1.0109998080000003e-06,9.000070681594217,87.98506649727697,87.98509775294578,222.06629834254147,1218.0,0.0,,,,,,,,,,,,,,,,
/vols/lz/tmarley/GEM_ITO/run/im3/F/257.346keV_0.000_0.000_F_1.975cm_8020_im.npy,1.975,782085.707824707,12.967156214531668,0.0,171.7831225347283,127.70454825180092,0.0,3.564800000000001e-05,4.9550400000000006e-05,0.0,16.533205402217305,29.919457876317107,32.92413075839221,0.0,0.0,0.0,,,,,,,,,,,,,,,,
/vols/lz/tmarley/GEM_ITO/run/im3/F/93.537keV_0.000_0.000_F_2.031cm_5827_im.npy,2.031,206769.97778320312,4.450667172199662,0.0,127.8768994254489,57.15758137822307,0.0,1.2614400000000002e-05,2.9960000000000005e-05,0.0,15.62848972282603,45.46162048466172,46.50716126547207,0.0,0.0,0.0,,,,,,,,,,,,,,,,
/vols/lz/tmarley/GEM_ITO/run/im3/F/1.685keV_0.000_0.000_F_1.687cm_6102_im.npy,1.687,44.5814208984375,0.0100430295658864,19443.887,1.8772890764352197,0.0120362103235665,0.10668402,7.7888e-06,0.0023009184,4.762526720000002e-07,71.08134697000717,89.085274560572,89.086265302815,1218.0,1218.0,0.0,,,,,,,,,,,,,,,,
/vols/lz/tmarley/GEM_ITO/run/im3/F/2.737keV_0.000_0.000_F_2.291cm_5144_im.npy,2.291,-16.39556884765625,0.0256767762372349,45330.758,2.0975183717353527,0.0283066596420892,0.15980196,1.9200000000000003e-05,0.0022400144,9.179386880000004e-07,40.57829306626972,85.47617770446054,85.48648528784204,1019.7209302325582,1207.5450643776824,0.0,,,,,,,,,,,,,,,,
/vols/lz/tmarley/GEM_ITO/run/im3/F/123.185keV_0.000_0.000_F_0.501cm_6053_im.npy,0.501,220022.1228027344,4.870569841481309,0.0,193.9634689491588,62.84138627563493,0.0,9.7088e-06,2.785600000000001e-05,0.0,27.49796480978334,33.943553269754545,40.39335936578507,0.0,0.0,0.0,,,,,,,,,,,,,,,,
/vols/lz/tmarley/GEM_ITO/run/im3/F/1.604keV_0.000_0.000_F_1.905cm_9568_im.npy,1.905,2733.7702026367188,0.0370039059441171,139466.42,3.642377724842632,0.0828978966455542,0.292816,2.0102400000000003e-05,0.0022539472,1.2950092800000003e-06,55.98852777695039,81.86410760486197,82.03847403529252,1155.5384615384614,1207.6340425531914,0.0,,,,,,,,,,,,,,,,
/vols/lz/tmarley/GEM_ITO/run/im3/F/84.357keV_0.000_0.000_F_0.590cm_2307_im.npy,0.59,209111.6561279297,4.534919777752432,0.0,127.5301963171424,52.52567713019658,0.0,1.1865600000000002e-05,3.1518400000000006e-05,0.0,17.31178022385114,31.412796806792866,34.43651303410656,0.0,0.0,0.0,,,,,,,,,,,,,,,,
/vols/lz/tmarley/GEM_ITO/run/im3/F/3.848keV_0.000_0.000_F_1.635cm_5086_im.npy,1.635,2995.4243774414062,0.0677777370101133,7050.178,5.195006967741401,1.8475386245846783,1.9123579,8.364800000000002e-06,1.7208000000000002e-05,6.643200000000002e-09,65.33954230081392,85.22769129076673,85.30434105118846,141.65680473372782,139.87155963302752,0.0,,,,,,,,,,,,,,,,
/vols/lz/tmarley/GEM_ITO/run/im3/F/262.273keV_0.000_0.000_F_1.047cm_4337_im.npy,1.047,717403.6428222656,15.499146667325284,0.0,289.1204907045595,115.14354931432712,0.0,2.2636800000000003e-05,4.983840000000001e-05,0.0,32.91941500847132,41.84507938188521,47.85643923383783,0.0,0.0,0.0,,,,,,,,,,,,,,,,
/vols/lz/tmarley/GEM_ITO/run/im3/F/4.911keV_0.000_0.000_F_1.031cm_3516_im.npy,1.031,4127.680419921875,0.0699250255416712,0.0,6.028555107637024,1.1318623538115828,0.0,3.5072000000000005e-06,1.6280000000000003e-05,0.0,40.17846868043761,67.84080583374377,68.93709454074879,0.0,0.0,0.0,,,,,,,,,,,,,,,,
/vols/lz/tmarley/GEM_ITO/run/im3/F/94.061keV_0.000_0.000_F_2.473cm_7873_im.npy,2.473,193779.7583618164,4.31790427065786,0.0,104.77408699624672,53.106638820351634,0.0,1.5315200000000002e-05,2.9272000000000004e-05,0.0,13.428737942714466,6.919893455143525,14.994107895266042,0.0,0.0,0.0,,,,,,,,,,,,,,,,
/vols/lz/tmarley/GEM_ITO/run/im3/F/1.316keV_0.000_0.000_F_0.978cm_9757_im.npy,0.978,-18.1202392578125,0.0149180118587974,38286.414,1.6309423497515751,0.0187779918341003,0.1306778,1.3299200000000005e-05,0.0023101552,6.638945280000002e-07,43.30006132133319,89.92569632722432,89.92569638271034,1070.3636363636365,1218.0,0.0,,,,,,,,,,,,,,,,
/vols/lz/tmarley/GEM_ITO/run/im3/F/101.471keV_0.000_0.000_F_1.686cm_5831_im.npy,1.686,244439.18896484372,5.4190937812464295,0.0,131.36760012716476,84.72100379533084,0.0,1.5276800000000003e-05,2.5772800000000005e-05,0.0,61.10750296870695,1.0603818805893124,61.10876731571216,0.0,0.0,0.0,,,,,,,,,,,,,,,,
/vols/lz/tmarley/GEM_ITO/run/im3/F/99.428keV_0.000_0.000_F_2.177cm_2008_im.npy,2.177,249675.8550415039,5.484785840218459,0.0,107.3633267455936,77.17552750600446,0.0,1.85152e-05,2.7851200000000005e-05,0.0,57.93952078345319,21.21922872027734,58.675269027626726,0.0,0.0,0.0,,,,,,,,,,,,,,,,
/vols/lz/tmarley/GEM_ITO/run/im3/F/1.262keV_0.000_0.000_F_1.168cm_8915_im.npy,1.168,-455.9451293945313,0.0217315108543076,23783.51,2.082107441400354,0.0126836220848762,0.12749895,1.3094400000000005e-05,0.002260504,5.476848640000001e-07,16.491429877373033,88.42137124974579,88.4214237638051,427.09090909090907,1218.0,0.0,,,,,,,,,,,,,,,,
/vols/lz/tmarley/GEM_ITO/run/im3/F/215.732keV_0.000_0.000_F_2.044cm_1884_im.npy,2.044,692321.1109619141,14.160755287400068,0.0,191.84971326044288,128.11364698122827,0.0,3.1475200000000007e-05,5.360640000000001e-05,0.0,32.86550538842205,34.1559308726357,43.13344822378534,0.0,0.0,0.0,,,,,,,,,,,,,,,,
/vols/lz/tmarley/GEM_ITO/run/im3/F/129.670keV_0.000_0.000_F_1.103cm_6190_im.npy,1.103,291829.8990478516,6.415835208621679,0.0,207.0169126393639,85.61031078650744,0.0,1.2032000000000004e-05,3.0092800000000004e-05,0.0,16.47403835746423,34.4987220366469,36.802791620441454,0.0,0.0,0.0,,,,,,,,,,,,,,,,
/vols/lz/tmarley/GEM_ITO/run/im3/F/236.313keV_0.000_0.000_F_1.520cm_2224_im.npy,1.52,715446.6929931641,15.51071325920214,0.0,160.6806189184799,179.53234823360606,0.0,3.76576e-05,3.370080000000001e-05,0.0,66.35643031015206,6.47431371844241,66.3823652069948,0.0,0.0,0.0,,,,,,,,,,,,,,,,
/vols/lz/tmarley/GEM_ITO/run/im3/F/160.922keV_0.000_0.000_F_1.434cm_5134_im.npy,1.434,403550.0556640625,8.682461836281735,0.0,162.19650366709578,72.0523651200315,0.0,1.9699200000000003e-05,4.403840000000001e-05,0.0,17.696122342426545,31.79643450663422,34.88534532736358,0.0,0.0,0.0,,,,,,,,,,,,,,,,
/vols/lz/tmarley/GEM_ITO/run/im3/F/204.251keV_0.000_0.000_F_0.899cm_3378_im.npy,0.899,540571.439453125,11.84511807031531,0.0,194.26913502940067,164.20877416170677,0.0,2.2880000000000005e-05,3.020640000000001e-05,0.0,64.01125943598659,41.68663703586221,65.90733474271805,0.0,0.0,0.0,,,,,,,,,,,,,,,,
/vols/lz/tmarley/GEM_ITO/run/im3/F/190.445keV_0.000_0.000_F_2.478cm_1925_im.npy,2.478,576090.7556762695,12.33379963306885,0.0,186.21930588967768,99.8757450666616,0.0,2.636800000000001e-05,5.331040000000001e-05,0.0,33.825518874863874,50.73542483372703,54.36156611145732,0.0,0.0,0.0,,,,,,,,,,,,,,,,
/vols/lz/tmarley/GEM_ITO/run/im3/F/329.517keV_0.000_0.000_F_2.360cm_751_im.npy,2.36,878747.584777832,17.250505455329794,0.0,235.0260623229615,178.0141367632776,0.0,3.818240000000001e-05,4.560160000000001e-05,0.0,41.97656699053855,18.19525520142159,43.76600524883521,0.0,0.0,0.0,,,,,,,,,,,,,,,,
/vols/lz/tmarley/GEM_ITO/run/im3/F/276.365keV_0.000_0.000_F_1.847cm_8143_im.npy,1.847,806402.4544067383,14.8263863382461,0.0,205.47894883083487,158.63080469697638,0.0,3.157760000000001e-05,4.636160000000001e-05,0.0,24.274515907729217,32.176425817214884,37.74334174649234,0.0,0.0,0.0,,,,,,,,,,,,,,,,
/vols/lz/tmarley/GEM_ITO/run/im3/F/85.907keV_0.000_0.000_F_0.950cm_7139_im.npy,0.95,192495.29107666016,4.116028347692583,0.0,118.17063545273253,68.40780173058128,0.0,1.2204800000000002e-05,2.43408e-05,0.0,59.00457984651158,17.58218816114288,59.452857171603206,0.0,0.0,0.0,,,,,,,,,,,,,,,,
/vols/lz/tmarley/GEM_ITO/run/im3/F/172.283keV_0.000_0.000_F_2.046cm_1060_im.npy,2.046,492710.07330322266,10.83155207520655,0.0,139.41402340408013,128.91728275868164,0.0,2.7507200000000003e-05,3.43136e-05,0.0,60.99090070832779,43.63671792792037,63.88535988867432,0.0,0.0,0.0,,,,,,,,,,,,,,,,
/vols/lz/tmarley/GEM_ITO/run/im3/F/149.876keV_0.000_0.000_F_1.764cm_3726_im.npy,1.764,410758.4010620117,8.797483092058744,0.0,142.66365233360503,128.90105132512485,0.0,2.2950400000000003e-05,2.7464000000000003e-05,0.0,67.5504112126234,22.10246863609394,67.82977265390649,0.0,0.0,0.0,,,,,,,,,,,,,,,,
/vols/lz/tmarley/GEM_ITO/run/im3/F/93.554keV_0.000_0.000_F_1.794cm_1738_im.npy,1.794,184791.2383422852,4.121114787665632,0.0,124.24969110944718,50.24105130462198,0.0,1.2460800000000004e-05,2.9185600000000004e-05,0.0,14.079393194170336,22.90958174313339,26.17086914716585,0.0,0.0,0.0,,,,,,,,,,,,,,,,
/vols/lz/tmarley/GEM_ITO/run/im0/C/123.774keV_0.000_0.000_C_1.926cm_1125_im.npy,1.926,336653.59295654297,7.260725029564097,0.0,152.2836496754855,76.38611276900491,0.0,1.6710400000000002e-05,3.533920000000001e-05,0.0,23.895985911594572,34.87411869500433,39.55144706367876,0.0,0.0,0.0,,,,,,,,,,,,,,,,
/vols/lz/tmarley/GEM_ITO/run/im0/C/152.100keV_0.000_0.000_C_2.068cm_7617_im.npy,2.068,453269.4228515625,9.81207258298713,0.0,189.6591439692764,79.92998359301431,0.0,2.1510400000000003e-05,4.816640000000001e-05,0.0,10.581921646474385,35.144913424519025,36.067726715670446,0.0,0.0,0.0,,,,,,,,,,,,,,,,
/vols/lz/tmarley/GEM_ITO/run/im0/C/140.072keV_0.000_0.000_C_1.883cm_3953_im.npy,1.883,462515.22509765625,10.154614486735708,0.0,176.2601417069227,104.34209984048972,0.0,2.13184e-05,3.93392e-05,0.0,53.687153713873045,59.1921789009964,65.15340734934762,0.0,0.0,0.0,,,,,,,,,,,,,,,,
/vols/lz/tmarley/GEM_ITO/run/im0/C/238.589keV_0.000_0.000_C_1.940cm_5547_im.npy,1.94,734097.8689575195,15.515059536141472,0.0,174.92988408831286,115.20270447715794,0.0,3.511040000000001e-05,5.413760000000001e-05,0.0,47.31094387377384,41.55353541980122,54.469061654581125,0.0,0.0,0.0,,,,,,,,,,,,,,,,
/vols/lz/tmarley/GEM_ITO/run/im0/C/234.259keV_0.000_0.000_C_0.957cm_8007_im.npy,0.957,673005.3368530273,14.744654786996062,0.0,227.52637018566472,113.8070607675585,0.0,2.7936000000000005e-05,5.476320000000001e-05,0.0,27.28515330508665,14.147922713493257,29.860502384393797,0.0,0.0,0.0,,,,,,,,,,,,,,,,
/vols/lz/tmarley/GEM_ITO/run/im0/C/271.293keV_0.000_0.000_C_2.383cm_3337_im.npy,2.383,697572.0922241211,13.688589065244418,0.0,188.48147154603683,116.71703516729988,0.0,3.2646400000000006e-05,5.391360000000001e-05,0.0,18.435268548169883,32.87581584235835,36.02563808092703,0.0,0.0,0.0,,,,,,,,,,,,,,,,
/vols/lz/tmarley/GEM_ITO/run/im3/F/136.811keV_0.000_0.000_F_0.629cm_923_im.npy,0.629,345415.7477416992,7.453641802413811,0.0,266.0370363045073,90.74602313519728,0.0,1.0246400000000002e-05,3.210880000000001e-05,0.0,17.59498415477771,56.23824661770449,56.81759897573006,0.0,0.0,0.0,,,,,,,,,,,,,,,,
/vols/lz/tmarley/GEM_ITO/run/im3/F/63.844keV_0.000_0.000_F_0.597cm_8393_im.npy,0.597,164881.23852539062,3.6471758885367938,0.0,126.0899469525788,54.37105828544258,0.0,1.0688000000000002e-05,2.6841600000000004e-05,0.0,41.35675763208092,23.52094077514097,44.479752414799655,0.0,0.0,0.0,,,,,,,,,,,,,,,,
/vols/lz/tmarley/GEM_ITO/run/im3/F/116.438keV_0.000_0.000_F_2.193cm_1598_im.npy,2.193,249340.87475585935,5.494307349400097,0.0,126.2994748257608,65.92679285342994,0.0,1.4841600000000002e-05,2.9368000000000004e-05,0.0,36.46247824871574,14.50434364487087,38.05822682363739,0.0,0.0,0.0,,,,,,,,,,,,,,,,
/vols/lz/tmarley/GEM_ITO/run/im3/F/78.075keV_0.000_0.000_F_0.679cm_1399_im.npy,0.679,182338.47161865237,3.943057439679274,0.0,144.20986247983123,55.409959397795895,0.0,9.6192e-06,2.7024000000000004e-05,0.0,22.82871092476481,23.80787742115523,31.37538726512314,0.0,0.0,0.0,,,,,,,,,,,,,,,,
/vols/lz/tmarley/GEM_ITO/run/im3/F/2.919keV_0.000_0.000_F_0.687cm_2886_im.npy,0.687,3993.0872802734375,0.0569737027609763,0.0,7.081849790584072,1.6708983649552815,0.0,4.396800000000001e-06,1.5598400000000003e-05,0.0,29.936310127599867,63.05748637873706,63.99701569714424,0.0,0.0,0.0,,,,,,,,,,,,,,,,
/vols/lz/tmarley/GEM_ITO/run/im3/F/260.898keV_0.000_0.000_F_2.309cm_385_im.npy,2.309,742932.2391967773,16.14993154543956,0.0,189.43217978405252,129.21103982857736,0.0,2.975360000000001e-05,4.952320000000001e-05,0.0,64.94112044732752,71.42255970606348,74.7353375497592,0.0,0.0,0.0,,,,,,,,,,,,,,,,
/vols/lz/tmarley/GEM_ITO/run/im3/F/130.154keV_0.000_0.000_F_1.795cm_2429_im.npy,1.795,353144.0949707031,7.546837254886611,0.0,132.1725907334157,65.24408441183667,0.0,2.1004800000000003e-05,4.12768e-05,0.0,19.181470569751223,20.723994559497037,27.201712732138446,0.0,0.0,0.0,,,,,,,,,,,,,,,,
/vols/lz/tmarley/GEM_ITO/run/im3/F/111.990keV_0.000_0.000_F_0.536cm_48_im.npy,0.536,266393.3243408203,5.869435053160736,0.0,148.9253005860188,72.05351225291737,0.0,1.3708800000000002e-05,3.1168000000000004e-05,0.0,10.278325731700818,1.0898934926330792,10.33352188409865,0.0,0.0,0.0,,,,,,,,,,,,,,,,
/vols/lz/tmarley/GEM_ITO/run/im3/F/155.594keV_0.000_0.000_F_1.441cm_8083_im.npy,1.441,390858.3157348633,8.551640417188182,0.0,150.50686041433786,89.84183415457623,0.0,2.1100800000000003e-05,3.4988800000000006e-05,0.0,41.41295816234282,14.27850689624938,42.55202122467326,0.0,0.0,0.0,,,,,,,,,,,,,,,,
/vols/lz/tmarley/GEM_ITO/run/im3/F/2.711keV_0.000_0.000_F_1.465cm_7775_im.npy,1.465,1526.653564453125,0.0440434925003235,14121.787,4.063273617237761,1.7251851042242097,1.2803844,1.11808e-05,1.5598400000000003e-05,1.1421696000000004e-08,4.724261004197335,66.18343647507008,66.19750616567772,108.864,177.7263157894737,0.0,,,,,,,,,,,,,,,,
/vols/lz/tmarley/GEM_ITO/run/im3/F/205.749keV_0.000_0.000_F_1.279cm_4128_im.npy,1.279,539989.4439697266,11.778595390515855,0.0,225.27888845976972,132.78584608043914,0.0,2.1465600000000003e-05,3.7683200000000005e-05,0.0,45.93878249393204,38.31355141758278,52.44829697389987,0.0,0.0,0.0,,,,,,,,,,,,,,,,
/vols/lz/tmarley/GEM_ITO/run/im3/F/146.744keV_0.000_0.000_F_0.723cm_8604_im.npy,0.723,407948.5709838867,8.94428607070183,0.0,225.3865967377869,96.74282031883814,0.0,1.4579200000000004e-05,3.757600000000001e-05,0.0,27.11913530249925,49.41403896211378,51.88605709397304,0.0,0.0,0.0,,,,,,,,,,,,,,,,
/vols/lz/tmarley/GEM_ITO/run/im3/F/1.031keV_0.000_0.000_F_1.097cm_1089_im.npy,1.097,-601.1674194335938,0.030362436274535,65292.43,2.553979219139914,0.0429623765091268,0.20029686,2.2483200000000005e-05,0.002220624,9.940664320000004e-07,85.17122988538544,83.163401778293,86.04961371135839,1218.0,1181.5641025641023,0.0,,,,,,,,,,,,,,,,
/vols/lz/tmarley/GEM_ITO/run/im3/F/284.542keV_0.000_0.000_F_1.143cm_6373_im.npy,1.143,832067.172668457,14.527806374007229,0.0,229.03220071035392,129.27319641845455,0.0,2.9952000000000004e-05,4.668320000000001e-05,0.0,22.547663320724222,32.546818106136755,37.285069719205865,0.0,0.0,0.0,,,,,,,,,,,,,,,,
/vols/lz/tmarley/GEM_ITO/run/im3/F/161.834keV_0.000_0.000_F_1.802cm_7737_im.npy,1.802,418352.573059082,9.273881788619072,0.0,140.24797950930994,141.2581381036239,0.0,2.3763200000000003e-05,2.6616000000000004e-05,0.0,67.77217479531222,1.8923632945073745,67.77400344430859,0.0,0.0,0.0,,,,,,,,,,,,,,,,
/vols/lz/tmarley/GEM_ITO/run/im3/F/197.099keV_0.000_0.000_F_1.153cm_5722_im.npy,1.153,498580.3610229492,10.899417037883664,0.0,172.57482006687948,151.93760602846908,0.0,2.5049600000000005e-05,2.8521600000000005e-05,0.0,68.08368524165809,17.349135354200417,68.2387380743076,0.0,0.0,0.0,,,,,,,,,,,,,,,,
/vols/lz/tmarley/GEM_ITO/run/im3/F/172.710keV_0.000_0.000_F_1.887cm_3569_im.npy,1.887,485818.37603759766,10.6159245941051,0.0,149.99139417998236,158.1479594098013,0.0,2.7014400000000003e-05,2.6942400000000005e-05,0.0,70.80310968693745,18.611255227436622,70.92425179917574,0.0,0.0,0.0,,,,,,,,,,,,,,,,
/vols/lz/tmarley/GEM_ITO/run/im3/F/72.562keV_0.000_0.000_F_0.937cm_348_im.npy,0.937,163775.64544677734,3.6159082426827074,0.0,125.49687897758076,50.059477959367634,0.0,9.7984e-06,2.7217600000000005e-05,0.0,5.564822703606719,17.05436988000494,17.841768596549223,0.0,0.0,0.0,,,,,,,,,,,,,,,,
/vols/lz/tmarley/GEM_ITO/run/im3/F/116.942keV_0.000_0.000_F_1.431cm_4126_im.npy,1.431,276601.7774658203,6.109790384035724,0.0,127.120401169972,62.61748656651889,0.0,1.7984000000000003e-05,3.5596800000000005e-05,0.0,6.976386001990836,5.107866478173723,8.616851669372227,0.0,0.0,0.0,,,,,,,,,,,,,,,,
/vols/lz/tmarley/GEM_ITO/run/im3/F/160.750keV_0.000_0.000_F_0.659cm_2774_im.npy,0.659,410238.1080932617,8.825488250876035,0.0,290.4853149821175,98.49682793202535,0.0,1.01632e-05,3.4883200000000005e-05,0.0,29.43107203177408,61.33133142931769,62.41389863829727,0.0,0.0,0.0,,,,,,,,,,,,,,,,
/vols/lz/tmarley/GEM_ITO/run/im3/F/219.287keV_0.000_0.000_F_1.041cm_6529_im.npy,1.041,647383.2172241211,14.097765271175696,0.0,269.70860778322583,97.67470658384347,0.0,1.86496e-05,5.593280000000001e-05,0.0,18.914015156003817,59.69631649610502,60.18465113145468,0.0,0.0,0.0,,,,,,,,,,,,,,,,
/vols/lz/tmarley/GEM_ITO/run/im3/F/1.234keV_0.000_0.000_F_1.163cm_671_im.npy,1.163,838.673095703125,0.0233981780798074,36054.223,2.053245956162677,0.0237503678825255,0.1372307,9.376e-06,0.0022537088,5.686369280000002e-07,0.164683976519064,87.01643163754756,87.0164316709665,4.891566265060305,1218.0,0.0,,,,,,,,,,,,,,,,
/vols/lz/tmarley/GEM_ITO/run/im3/F/186.813keV_0.000_0.000_F_1.066cm_5603_im.npy,1.066,545695.3492431641,11.940438730861851,0.0,347.46565038521305,97.18324916329767,0.0,1.3203200000000004e-05,4.690720000000001e-05,0.0,31.35718633678368,64.75198439112623,65.61787331795554,0.0,0.0,0.0,,,,,,,,,,,,,,,,
/vols/lz/tmarley/GEM_ITO/run/im3/F/1.145keV_0.000_0.000_F_0.562cm_3247_im.npy,0.562,379.3571166992188,0.0128425862793851,30375.719,1.888525415622745,0.0171632479952672,0.13706006,1.06112e-05,0.0023079424,5.562408960000002e-07,89.29843205412686,89.60880661717555,89.65832817915918,1171.1538461538462,1218.0,0.0,,,,,,,,,,,,,,,,
/vols/lz/tmarley/GEM_ITO/run/im3/F/92.683keV_0.000_0.000_F_1.405cm_3400_im.npy,1.405,260778.53302001956,5.560945703601291,0.0,137.0734887619765,68.70397178628109,0.0,1.4937600000000002e-05,3.0099200000000005e-05,0.0,27.16008899013042,2.945004536442301,27.276663665486268,0.0,0.0,0.0,,,,,,,,,,,,,,,,
/vols/lz/tmarley/GEM_ITO/run/im3/F/69.615keV_0.000_0.000_F_1.220cm_9238_im.npy,1.22,144358.27172851562,3.134804731957165,0.0,85.91279926321934,41.74535519090863,0.0,1.2300800000000004e-05,2.8123200000000005e-05,0.0,17.293104262025466,0.5646840774378832,17.301250455703688,0.0,0.0,0.0,,,,,,,,,,,,,,,,
/vols/lz/tmarley/GEM_ITO/run/im3/F/112.120keV_0.000_0.000_F_1.406cm_7436_im.npy,1.406,258472.47387695312,5.61700433912572,0.0,203.2839374173555,77.6446314922052,0.0,1.0022400000000004e-05,2.646080000000001e-05,0.0,8.59398964251056,33.587146692735004,34.25700580405189,0.0,0.0,0.0,,,,,,,,,,,,,,,,
/vols/lz/tmarley/GEM_ITO/run/im3/F/92.094keV_0.000_0.000_F_1.383cm_7585_im.npy,1.383,207565.57110595703,4.465368643527671,0.0,148.20111237108722,62.229368868335904,0.0,1.104e-05,2.753920000000001e-05,0.0,11.22082091490642,10.006168870455795,14.86858175589407,0.0,0.0,0.0,,,,,,,,,,,,,,,,
/vols/lz/tmarley/GEM_ITO/run/im3/F/2.051keV_0.000_0.000_F_1.318cm_4696_im.npy,1.318,-536.721923828125,0.0248452688944039,36572.824,2.5682727389529907,0.0178364178125762,0.13849893,1.5788800000000004e-05,0.0022635552,6.197795840000001e-07,15.10545709588678,86.98800516577111,86.98830834642052,396.8764044943821,1218.0,0.0,,,,,,,,,,,,,,,,
/vols/lz/tmarley/GEM_ITO/run/im3/F/116.993keV_0.000_0.000_F_0.935cm_1501_im.npy,0.935,253247.0267944336,5.496868412671405,0.0,207.6566796809369,71.02825514068972,0.0,9.836800000000002e-06,2.844960000000001e-05,0.0,12.401868388846289,27.247704601079008,29.247384424899515,0.0,0.0,0.0,,,,,,,,,,,,,,,,
/vols/lz/tmarley/GEM_ITO/run/im0/C/191.518keV_0.000_0.000_C_2.489cm_7292_im.npy,2.489,581121.7842407227,11.60863918324434,0.0,142.45385886429298,109.57769405063196,0.0,3.601280000000001e-05,3.981760000000001e-05,0.0,43.309489520240064,0.7036084087819311,43.311916219146,0.0,0.0,0.0,,,,,,,,,,,,,,,,
/vols/lz/tmarley/GEM_ITO/run/im0/C/1.586keV_0.000_0.000_C_1.152cm_3832_im.npy,1.152,139.01300048828125,0.0174653818800841,21596.72,2.3325896430610964,0.0134718295410848,0.13226996,8.0832e-06,0.0022529136,4.907340800000001e-07,61.35821511198096,88.94048918493996,88.9410959511013,1050.0,1218.0,0.0,,,,,,,,,,,,,,,,
/vols/lz/tmarley/GEM_ITO/run/im0/C/164.043keV_0.000_0.000_C_0.596cm_5187_im.npy,0.596,494718.4349365234,10.689437968822189,0.0,219.17420662825955,132.60693411324658,0.0,2.06336e-05,3.464640000000001e-05,0.0,48.19535826743305,16.734455155097113,49.18682366900831,0.0,0.0,0.0,,,,,,,,,,,,,,,,
/vols/lz/tmarley/GEM_ITO/run/im0/C/174.082keV_0.000_0.000_C_2.197cm_8782_im.npy,2.197,492163.2302246094,10.194165661990397,0.0,120.97636699236884,89.70727951580287,0.0,3.0713600000000004e-05,4.0124800000000006e-05,0.0,35.51715570986492,0.1495362136665448,35.51733683683929,0.0,0.0,0.0,,,,,,,,,,,,,,,,
/vols/lz/tmarley/GEM_ITO/run/im0/C/143.327keV_0.000_0.000_C_1.288cm_187_im.npy,1.288,382376.6622314453,8.384631691724048,0.0,165.94592409524026,91.65570985744804,0.0,2.1152000000000003e-05,3.7006400000000005e-05,0.0,40.26229475413157,11.641357853295064,41.07635661886452,0.0,0.0,0.0,,,,,,,,,,,,,,,,
/vols/lz/tmarley/GEM_ITO/run/im0/C/143.920keV_0.000_0.000_C_0.540cm_6333_im.npy,0.54,423456.6148071289,9.18847657956308,0.0,158.56055086382213,135.48912017603473,0.0,2.0825600000000003e-05,2.7166400000000005e-05,0.0,61.93191681984344,7.146454970301532,61.98493024446015,0.0,0.0,0.0,,,,,,,,,,,,,,,,
/vols/lz/tmarley/GEM_ITO/run/im0/C/239.242keV_0.000_0.000_C_0.878cm_2276_im.npy,0.878,846267.0106201172,18.41081704422773,0.0,194.26176875702595,225.50708441637772,0.0,3.636480000000001e-05,3.451360000000001e-05,0.0,65.361651943079,4.443873632219508,65.37543253382839,0.0,0.0,0.0,,,,,,,,,,,,,,,,
/vols/lz/tmarley/GEM_ITO/run/im0/C/325.035keV_0.000_0.000_C_0.717cm_3490_im.npy,0.717,1197726.8216552734,16.194868749060134,0.0,261.2254277954713,194.67697459279344,0.0,3.6966400000000006e-05,5.201760000000001e-05,0.0,27.21310257834151,39.94221841665967,44.49906737628057,0.0,0.0,0.0,,,,,,,,,,,,,,,,
/vols/lz/tmarley/GEM_ITO/run/im0/C/92.806keV_0.000_0.000_C_2.076cm_5130_im.npy,2.076,275744.1223754883,5.972311829054242,0.0,129.27448225049912,66.51072052739411,0.0,1.5724800000000002e-05,3.317280000000001e-05,0.0,38.44665778434795,45.72117385243101,52.3652520691162,0.0,0.0,0.0,,,,,,,,,,,,,,,,
/vols/lz/tmarley/GEM_ITO/run/im0/C/78.108keV_0.000_0.000_C_2.317cm_5169_im.npy,2.317,228714.35931396484,4.93445261497645,0.0,94.33455853926444,54.32251555606001,0.0,1.8214400000000003e-05,3.324640000000001e-05,0.0,25.57304140574404,0.5830037776961728,25.578084310228625,0.0,0.0,0.0,,,,,,,,,,,,,,,,
/vols/lz/tmarley/GEM_ITO/run/im0/C/219.402keV_0.000_0.000_C_1.994cm_4674_im.npy,1.994,629658.3961791992,13.670878354807249,0.0,217.3085911262144,104.43838338671964,0.0,2.0390400000000004e-05,5.1982400000000006e-05,0.0,45.06529240154043,65.45518056833745,67.4497577893092,0.0,0.0,0.0,,,,,,,,,,,,,,,,
/vols/lz/tmarley/GEM_ITO/run/im4/C/124.278keV_0.000_0.000_C_1.302cm_7052_im.npy,1.302,338520.0904541016,7.344503379719878,0.0,226.0204903973149,87.11685825845089,0.0,1.2211200000000004e-05,3.029440000000001e-05,0.0,12.442056587135458,40.44085023087887,41.36041690076105,0.0,0.0,0.0,,,,,,,,,,,,,,,,
/vols/lz/tmarley/GEM_ITO/run/im4/C/128.832keV_0.000_0.000_C_2.138cm_3160_im.npy,2.138,435069.4608154297,9.480154701364777,0.0,171.1427033000451,77.46758474063728,0.0,2.1478400000000004e-05,4.704000000000001e-05,0.0,25.11468552999193,38.93588800461463,43.047492863104736,0.0,0.0,0.0,,,,,,,,,,,,,,,,
/vols/lz/tmarley/GEM_ITO/run/im4/C/196.569keV_0.000_0.000_C_1.485cm_7677_im.npy,1.485,520933.7160644531,11.523906682046926,0.0,168.03566285449855,101.1967636509488,0.0,2.5529600000000004e-05,4.4086400000000005e-05,0.0,42.60574102014306,38.64520609941376,50.62961498877197,0.0,0.0,0.0,,,,,,,,,,,,,,,,
/vols/lz/tmarley/GEM_ITO/run/im4/C/95.285keV_0.000_0.000_C_0.749cm_6839_im.npy,0.749,265993.7346801758,5.898605274215529,0.0,139.69218921267665,67.2184126619714,0.0,1.5334400000000003e-05,3.2302400000000004e-05,0.0,33.57101036435461,14.192168373743538,35.38312228605876,0.0,0.0,0.0,,,,,,,,,,,,,,,,
/vols/lz/tmarley/GEM_ITO/run/im4/C/171.796keV_0.000_0.000_C_1.364cm_1912_im.npy,1.364,595834.9061279297,12.784362864079991,0.0,216.55848668561288,86.52849320674865,0.0,2.4364800000000004e-05,6.222720000000001e-05,0.0,17.339965077950726,49.10767643063823,50.10530291943722,0.0,0.0,0.0,,,,,,,,,,,,,,,,
/vols/lz/tmarley/GEM_ITO/run/im4/C/103.536keV_0.000_0.000_C_1.353cm_6595_im.npy,1.353,319411.4447631836,6.985863601105851,0.0,160.61546648515986,67.00207343095994,0.0,1.6256e-05,3.74752e-05,0.0,8.79595939479102,31.202331135503808,32.01075546872956,0.0,0.0,0.0,,,,,,,,,,,,,,,,
/vols/lz/tmarley/GEM_ITO/run/im4/C/101.926keV_0.000_0.000_C_0.971cm_2271_im.npy,0.971,318660.17041015625,6.963889208657141,0.0,258.4442267427968,66.1692318443143,0.0,9.536000000000002e-06,3.601920000000001e-05,0.0,17.070716206171376,61.55681631968893,61.88303220866558,0.0,0.0,0.0,,,,,,,,,,,,,,,,
/vols/lz/tmarley/GEM_ITO/run/im4/C/220.249keV_0.000_0.000_C_1.030cm_4351_im.npy,1.03,662533.2703857422,13.59240158885808,0.0,253.87505492992324,97.4239591380163,0.0,2.24896e-05,6.015360000000001e-05,0.0,12.505365096441109,48.60793875102648,49.14019209985012,0.0,0.0,0.0,,,,,,,,,,,,,,,,
/vols/lz/tmarley/GEM_ITO/run/im4/C/71.129keV_0.000_0.000_C_1.204cm_8388_im.npy,1.204,163311.50518798828,3.622143798130524,0.0,109.58638714268182,47.07971434341992,0.0,1.20384e-05,2.844480000000001e-05,0.0,15.83942685884015,0.0262909014160616,15.839446535599976,0.0,0.0,0.0,,,,,,,,,,,,,,,,
/vols/lz/tmarley/GEM_ITO/run/im4/C/2.479keV_0.000_0.000_C_1.606cm_5993_im.npy,1.606,1293.2058715820312,0.0574619763415139,9561.692,5.372095012183925,1.938825759932674,1.6999449,8.467200000000001e-06,1.5329600000000003e-05,6.875648000000002e-09,47.83134104422626,66.3161356653259,68.45703132508224,180.8470588235294,178.92,0.0,,,,,,,,,,,,,,,,
/vols/lz/tmarley/GEM_ITO/run/im4/C/303.792keV_0.000_0.000_C_0.834cm_1748_im.npy,0.834,978074.4753417968,20.81558917669421,0.0,251.0569824219108,144.6085164873889,0.0,3.537920000000001e-05,6.007520000000001e-05,0.0,54.45987259759076,49.30139896741528,61.20985815187027,0.0,0.0,0.0,,,,,,,,,,,,,,,,
/vols/lz/tmarley/GEM_ITO/run/im4/C/53.940keV_0.000_0.000_C_0.748cm_9571_im.npy,0.748,153558.6021118164,3.3511172600214265,0.0,114.42582375453814,44.71781594774713,0.0,9.8496e-06,2.7731200000000003e-05,0.0,15.644609260346252,19.05879810034128,23.975813143954557,0.0,0.0,0.0,,,,,,,,,,,,,,,,
/vols/lz/tmarley/GEM_ITO/run/im4/C/78.012keV_0.000_0.000_C_1.395cm_3527_im.npy,1.395,216119.22247314453,4.814099360062394,0.0,115.07695162491764,55.16585813806184,0.0,1.4886400000000002e-05,3.1515200000000006e-05,0.0,23.28765693343761,5.368079394852563,23.775908867698817,0.0,0.0,0.0,,,,,,,,,,,,,,,,
/vols/lz/tmarley/GEM_ITO/run/im4/C/95.073keV_0.000_0.000_C_1.441cm_293_im.npy,1.441,241900.57122802731,5.203896064364275,0.0,109.3025732183044,60.05755809684574,0.0,1.73376e-05,3.2521600000000004e-05,0.0,31.950877632396335,0.4646628872901999,31.953052632378185,0.0,0.0,0.0,,,,,,,,,,,,,,,,
/vols/lz/tmarley/GEM_ITO/run/im4/C/140.949keV_0.000_0.000_C_1.533cm_7005_im.npy,1.533,451515.2573852539,9.649525372559674,0.0,164.04051201368222,73.1332204639005,0.0,2.1593600000000003e-05,4.854720000000001e-05,0.0,26.12662133065209,40.20444810949348,44.3393681612868,0.0,0.0,0.0,,,,,,,,,,,,,,,,
/vols/lz/tmarley/GEM_ITO/run/im4/C/96.909keV_0.000_0.000_C_2.247cm_4978_im.npy,2.247,324164.60510253906,6.942964071243518,0.0,116.09753461755352,95.9279596293912,0.0,2.3097600000000004e-05,2.8528000000000005e-05,0.0,64.939117521886,31.12300674290067,65.77176073884756,0.0,0.0,0.0,,,,,,,,,,,,,,,,
/vols/lz/tmarley/GEM_ITO/run/im4/C/213.363keV_0.000_0.000_C_0.825cm_8735_im.npy,0.825,691261.1053466797,15.060020983459534,0.0,184.51964416707892,225.1670925731043,0.0,3.0265600000000004e-05,2.6294400000000004e-05,0.0,75.82287650284867,30.28201468088483,75.96861840659884,0.0,0.0,0.0,,,,,,,,,,,,,,,,
/vols/lz/tmarley/GEM_ITO/run/im4/C/217.965keV_0.000_0.000_C_1.499cm_772_im.npy,1.499,723049.3790283203,13.011228659056162,0.0,164.90419534891507,131.57851503467654,0.0,3.770240000000001e-05,4.049600000000001e-05,0.0,40.84376734476806,3.5917735964069157,40.91830683362544,0.0,0.0,0.0,,,,,,,,,,,,,,,,
/vols/lz/tmarley/GEM_ITO/run/im4/C/129.594keV_0.000_0.000_C_1.985cm_9898_im.npy,1.985,367899.27770996094,8.076357752147313,0.0,144.8216642640472,98.69035133278636,0.0,2.1120000000000004e-05,3.2686400000000006e-05,0.0,53.117136338134536,34.80051113296039,56.36369482853791,0.0,0.0,0.0,,,,,,,,,,,,,,,,
/vols/lz/tmarley/GEM_ITO/run/im4/C/262.450keV_0.000_0.000_C_0.971cm_689_im.npy,0.971,894942.1868286133,19.54318731652149,0.0,260.0531858921243,168.62607452327688,0.0,2.939520000000001e-05,5.1315200000000006e-05,0.0,73.8365377688498,70.88149554864728,77.46407531162383,0.0,0.0,0.0,,,,,,,,,,,,,,,,
/vols/lz/tmarley/GEM_ITO/run/im4/C/123.270keV_0.000_0.000_C_1.694cm_8408_im.npy,1.694,352455.6596069336,7.60797835503661,0.0,174.25789356670174,74.93697807120215,0.0,1.7280000000000004e-05,3.8897600000000005e-05,0.0,1.9091562492728973,23.12902048649057,23.191919308835256,0.0,0.0,0.0,,,,,,,,,,,,,,,,
/vols/lz/tmarley/GEM_ITO/run/im4/C/180.594keV_0.000_0.000_C_0.762cm_7025_im.npy,0.762,642339.6606445312,11.643411224628876,0.0,182.02555264399712,113.67854125568424,0.0,2.9632000000000004e-05,4.579360000000001e-05,0.0,34.388073453859455,27.829050280066685,40.83812150430636,0.0,0.0,0.0,,,,,,,,,,,,,,,,
/vols/lz/tmarley/GEM_ITO/run/im4/C/105.671keV_0.000_0.000_C_0.806cm_7392_im.npy,0.806,328603.23181152344,7.067665911452458,0.0,145.32952784483433,58.84875577362518,0.0,1.8656e-05,3.938400000000001e-05,0.0,19.056108691692422,10.490455576593694,21.40137992101586,0.0,0.0,0.0,,,,,,,,,,,,,,,,
/vols/lz/tmarley/GEM_ITO/run/im4/C/78.586keV_0.000_0.000_C_2.480cm_5224_im.npy,2.48,198502.7138671875,4.462811222536599,0.0,103.13901871838917,48.62165890247216,0.0,1.6268800000000003e-05,3.225760000000001e-05,0.0,13.428992726332677,1.7464565207785303,13.534049824460103,0.0,0.0,0.0,,,,,,,,,,,,,,,,
/vols/lz/tmarley/GEM_ITO/run/im4/C/130.237keV_0.000_0.000_C_1.766cm_2080_im.npy,1.766,399697.2917480469,8.27762399603696,0.0,139.39002198193302,84.2053661991102,0.0,2.3296000000000005e-05,3.8947200000000005e-05,0.0,2.6869934408854586,6.018312202856551,6.582892891010337,0.0,0.0,0.0,,,,,,,,,,,,,,,,
/vols/lz/tmarley/GEM_ITO/run/im4/C/139.719keV_0.000_0.000_C_0.645cm_6007_im.npy,0.645,391437.39978027344,8.445018465279222,0.0,185.16492585073928,147.5089926822546,0.0,1.8400000000000003e-05,2.4180800000000004e-05,0.0,73.13842139370178,78.16159809465184,80.21841125027701,0.0,0.0,0.0,,,,,,,,,,,,,,,,
/vols/lz/tmarley/GEM_ITO/run/im4/C/121.633keV_0.000_0.000_C_0.749cm_2812_im.npy,0.749,320156.25299072266,6.938250273892944,0.0,146.914512946319,68.93416708729669,0.0,1.6736000000000004e-05,3.5739200000000005e-05,0.0,25.969869274107825,6.914710911738502,26.65446288028028,0.0,0.0,0.0,,,,,,,,,,,,,,,,
/vols/lz/tmarley/GEM_ITO/run/im4/C/99.240keV_0.000_0.000_C_1.106cm_7547_im.npy,1.106,269449.02655029297,5.973322962862913,0.0,155.71010825030902,61.997299293637,0.0,1.3836800000000004e-05,3.35904e-05,0.0,26.475697246088068,36.5868656379622,41.793934388473374,0.0,0.0,0.0,,,,,,,,,,,,,,,,
/vols/lz/tmarley/GEM_ITO/run/im4/C/98.390keV_0.000_0.000_C_0.612cm_4185_im.npy,0.612,291956.49475097656,6.356167059595141,0.0,138.56466934106498,83.43877152711335,0.0,1.6486400000000002e-05,2.9644800000000005e-05,0.0,44.14297621389091,1.91025435084144,44.159875299029416,0.0,0.0,0.0,,,,,,,,,,,,,,,,
/vols/lz/tmarley/GEM_ITO/run/im4/C/300.564keV_0.000_0.000_C_1.293cm_4037_im.npy,1.293,959397.659362793,12.963556728988452,0.0,212.84026343204144,160.86455487133514,0.0,3.9840000000000005e-05,4.360000000000001e-05,0.0,7.182111967230435,25.07280280480036,25.851510413255134,0.0,0.0,0.0,,,,,,,,,,,,,,,,
/vols/lz/tmarley/GEM_ITO/run/im4/C/79.437keV_0.000_0.000_C_0.655cm_4284_im.npy,0.655,227309.70526123047,4.891264542586556,0.0,141.36037019017627,57.70326431676735,0.0,1.1827200000000004e-05,3.0534400000000004e-05,0.0,11.631725690804837,0.5869720703654046,11.645729717996993,0.0,0.0,0.0,,,,,,,,,,,,,,,,
/vols/lz/tmarley/GEM_ITO/run/im4/C/63.745keV_0.000_0.000_C_0.658cm_2826_im.npy,0.658,163213.95178222656,3.5228809775453684,0.0,112.48528905391804,46.94098544734204,0.0,1.09504e-05,2.885120000000001e-05,0.0,10.382893495469489,13.752520474239075,17.000048890105347,0.0,0.0,0.0,,,,,,,,,,,,,,,,
/vols/lz/tmarley/GEM_ITO/run/im4/C/421.495keV_0.000_0.000_C_0.625cm_9225_im.npy,0.625,1449587.307006836,29.19819190568209,0.0,524.2421955994571,161.63901943364567,0.0,2.0966400000000003e-05,8.985920000000001e-05,0.0,12.32623804412188,68.06458345155721,68.14105449041615,0.0,0.0,0.0,,,,,,,,,,,,,,,,
/vols/lz/tmarley/GEM_ITO/run/im4/C/204.658keV_0.000_0.000_C_1.570cm_6770_im.npy,1.57,676883.3448486328,14.697453663534686,0.0,496.9143982200295,95.9228455857548,0.0,1.04576e-05,5.604800000000001e-05,0.0,17.48881745621756,74.10049727760773,74.16095069999969,0.0,0.0,0.0,,,,,,,,,,,,,,,,
/vols/lz/tmarley/GEM_ITO/run/im4/C/202.817keV_0.000_0.000_C_0.757cm_819_im.npy,0.757,720746.6696777344,15.62405520977249,0.0,207.72081458847447,159.8725122311861,0.0,3.011200000000001e-05,4.06336e-05,0.0,70.62566772880282,64.83237776473611,74.27605695621767,0.0,0.0,0.0,,,,,,,,,,,,,,,,
/vols/lz/tmarley/GEM_ITO/run/im4/C/72.028keV_0.000_0.000_C_1.645cm_8546_im.npy,1.645,190844.35089111328,4.233393921537633,0.0,115.00780051984738,60.54801815374068,0.0,1.2755200000000005e-05,2.6294400000000004e-05,0.0,47.438358161818975,8.00923189136843,47.674585553131806,0.0,0.0,0.0,,,,,,,,,,,,,,,,
/vols/lz/tmarley/GEM_ITO/run/im4/C/71.679keV_0.000_0.000_C_0.604cm_5492_im.npy,0.604,217903.6400756836,4.747126766171362,0.0,153.69804782434045,55.953752189037104,0.0,1.12704e-05,3.222080000000001e-05,0.0,14.196777757962463,38.49041061316363,39.842809479750485,0.0,0.0,0.0,,,,,,,,,,,,,,,,
/vols/lz/tmarley/GEM_ITO/run/im4/C/305.594keV_0.000_0.000_C_1.195cm_9283_im.npy,1.195,1090514.6932983398,23.92047986631661,0.0,232.71894683951865,283.6575355695227,0.0,4.446720000000001e-05,3.3510400000000004e-05,0.0,82.90214383026738,68.46477478081226,83.22799393083645,0.0,0.0,0.0,,,,,,,,,,,,,,,,
/vols/lz/tmarley/GEM_ITO/run/im4/C/165.584keV_0.000_0.000_C_0.960cm_7247_im.npy,0.96,550848.3572998047,11.96306464663131,0.0,377.8752199800726,96.33953187109245,0.0,1.10848e-05,4.7164800000000006e-05,0.0,18.1492069152833,69.72945738518384,69.86455550025968,0.0,0.0,0.0,,,,,,,,,,,,,,,,
/vols/lz/tmarley/GEM_ITO/run/im4/C/128.712keV_0.000_0.000_C_1.785cm_2131_im.npy,1.785,409187.3526611328,8.911062175786185,0.0,233.6116107916013,75.74726673476906,0.0,1.3766400000000004e-05,4.500320000000001e-05,0.0,2.4210556555541025,60.51570570480284,60.52271765721415,0.0,0.0,0.0,,,,,,,,,,,,,,,,
/vols/lz/tmarley/GEM_ITO/run/im4/C/310.942keV_0.000_0.000_C_2.477cm_2107_im.npy,2.477,1018414.163635254,21.7894686968632,0.0,187.15862716174135,147.62651656746004,0.0,4.620160000000001e-05,6.644000000000001e-05,0.0,56.20801692498784,53.41743696469082,63.57170267546959,0.0,0.0,0.0,,,,,,,,,,,,,,,,
/vols/lz/tmarley/GEM_ITO/run/im4/C/208.871keV_0.000_0.000_C_1.567cm_7930_im.npy,1.567,714920.6794433594,15.506452187428147,0.0,175.62293403297485,148.23094570100528,0.0,3.1718400000000005e-05,4.5752000000000005e-05,0.0,61.652691868726414,58.90067969226846,68.09314131988594,0.0,0.0,0.0,,,,,,,,,,,,,,,,
/vols/lz/tmarley/GEM_ITO/run/im4/C/219.909keV_0.000_0.000_C_0.976cm_6991_im.npy,0.976,702473.3344116211,14.951173229580348,0.0,281.1833812121178,99.08477424046752,0.0,2.17664e-05,5.422560000000001e-05,0.0,25.95903899603506,49.265221158035295,51.543016226155686,0.0,0.0,0.0,,,,,,,,,,,,,,,,
/vols/lz/tmarley/GEM_ITO/run/im4/C/304.587keV_0.000_0.000_C_0.718cm_9655_im.npy,0.718,935489.3402099608,19.031192355373477,0.0,203.74679056400703,204.23212246653037,0.0,3.842560000000001e-05,4.469280000000001e-05,0.0,56.769414368681296,8.772531660168456,56.90282273359063,0.0,0.0,0.0,,,,,,,,,,,,,,,,
/vols/lz/tmarley/GEM_ITO/run/im4/C/170.071keV_0.000_0.000_C_1.313cm_7489_im.npy,1.313,514749.7845458984,11.194722003563667,0.0,169.27177349706005,100.2967744170963,0.0,2.35264e-05,4.284640000000001e-05,0.0,46.52375829209566,51.00418358193059,58.37844479354633,0.0,0.0,0.0,,,,,,,,,,,,,,,,
/vols/lz/tmarley/GEM_ITO/run/im4/C/1.091keV_0.000_0.000_C_2.210cm_5848_im.npy,2.21,-2111.10791015625,0.0272399801354099,13623.635,2.468117144012521,0.0106325370787529,0.097828545,1.4009600000000002e-05,0.0022353136,3.872983040000002e-07,63.790115344845454,85.27098019793502,85.3360804663263,942.967741935484,1202.3175965665237,0.0,,,,,,,,,,,,,,,,
/vols/lz/tmarley/GEM_ITO/run/im4/C/230.864keV_0.000_0.000_C_1.276cm_4606_im.npy,1.276,709453.1149291992,15.665247534224688,0.0,161.70640721397396,277.6552889542706,0.0,3.4156800000000005e-05,2.39344e-05,0.0,82.63615824690619,70.61377968750527,83.08309036190187,0.0,0.0,0.0,,,,,,,,,,,,,,,,
/vols/lz/tmarley/GEM_ITO/run/im4/C/83.584keV_0.000_0.000_C_0.921cm_1021_im.npy,0.921,214135.2706298828,4.610716375432516,0.0,139.61908469400083,57.87969345890816,0.0,1.2768000000000002e-05,2.9940800000000006e-05,0.0,36.03177356370207,25.666805854868823,41.08179665814775,0.0,0.0,0.0,,,,,,,,,,,,,,,,
/vols/lz/tmarley/GEM_ITO/run/im4/C/86.329keV_0.000_0.000_C_0.535cm_5881_im.npy,0.535,261676.1470336914,5.643996980356036,0.0,161.81703644180027,61.76032708621253,0.0,1.2000000000000002e-05,3.2342400000000004e-05,0.0,23.08226683158701,33.43291231084324,38.160433297375405,0.0,0.0,0.0,,,,,,,,,,,,,,,,
/vols/lz/tmarley/GEM_ITO/run/im4/C/80.476keV_0.000_0.000_C_1.987cm_7826_im.npy,1.987,205646.9501953125,4.400967266758224,0.0,114.08891395843636,51.28073329165336,0.0,1.3971200000000004e-05,3.0560000000000006e-05,0.0,17.61245373048853,17.849099553103464,24.33171547839132,0.0,0.0,0.0,,,,,,,,,,,,,,,,
/vols/lz/tmarley/GEM_ITO/run/im4/C/431.294keV_0.000_0.000_C_1.988cm_3927_im.npy,1.988,1414882.5770263672,16.907299213806404,0.0,305.0640971597078,234.8388806754123,0.0,4.350720000000001e-05,4.6873600000000005e-05,0.0,3.9007725366139274,32.57945302502105,32.72679289124776,0.0,0.0,0.0,,,,,,,,,,,,,,,,
/vols/lz/tmarley/GEM_ITO/run/im4/C/184.084keV_0.000_0.000_C_1.050cm_1628_im.npy,1.05,573142.3188476562,9.768911837668638,0.0,168.7070399216757,97.99030741922888,0.0,2.7788800000000004e-05,4.219040000000001e-05,0.0,14.817845704954903,17.53084277712862,22.39325437098455,0.0,0.0,0.0,,,,,,,,,,,,,,,,
/vols/lz/tmarley/GEM_ITO/run/im4/C/199.846keV_0.000_0.000_C_1.933cm_3591_im.npy,1.933,635279.9509277344,13.669559567694463,0.0,162.43706739893767,135.84204096635324,0.0,3.32288e-05,4.14464e-05,0.0,47.06899693299134,20.4220227251576,48.6835635485635,0.0,0.0,0.0,,,,,,,,,,,,,,,,
/vols/lz/tmarley/GEM_ITO/run/im4/C/458.531keV_0.000_0.000_C_1.609cm_4527_im.npy,1.609,1628507.4321289062,35.653581608647805,0.0,238.8316540264333,565.9579002743695,0.0,6.277760000000001e-05,2.4960000000000005e-05,0.0,89.27985928867905,88.62095251969004,89.36162884038875,0.0,0.0,0.0,,,,,,,,,,,,,,,,
/vols/lz/tmarley/GEM_ITO/run/im4/C/88.470keV_0.000_0.000_C_0.829cm_4217_im.npy,0.829,257172.33953857425,5.691958957738717,0.0,158.41160105744223,68.42692812467611,0.0,1.4009600000000002e-05,3.0187200000000005e-05,0.0,34.39822816595806,19.951987153691142,37.77409283071297,0.0,0.0,0.0,,,,,,,,,,,,,,,,
/vols/lz/tmarley/GEM_ITO/run/im0/C/458.556keV_0.000_0.000_C_1.470cm_9509_im.npy,1.47,1657271.5338134766,21.995954057201004,0.0,360.418594070204,250.2535174441782,0.0,3.689600000000001e-05,5.601280000000001e-05,0.0,10.955162271951869,49.36709467316454,49.75200235560798,0.0,0.0,0.0,,,,,,,,,,,,,,,,
/vols/lz/tmarley/GEM_ITO/run/im0/C/133.290keV_0.000_0.000_C_1.719cm_826_im.npy,1.719,416672.844909668,8.95351506719262,0.0,150.1886698492487,122.02503851168493,0.0,2.4243200000000005e-05,2.8972800000000005e-05,0.0,65.18467372826632,28.543331632425897,65.84739357047863,0.0,0.0,0.0,,,,,,,,,,,,,,,,
/vols/lz/tmarley/GEM_ITO/run/im4/C/240.643keV_0.000_0.000_C_2.311cm_3569_im.npy,2.311,647003.0205688477,13.70805758399012,0.0,208.95909873850783,90.07536840120235,0.0,2.3916800000000005e-05,5.7811200000000006e-05,0.0,13.820131115055071,50.36486325139496,50.93624427392599,0.0,0.0,0.0,,,,,,,,,,,,,,,,
/vols/lz/tmarley/GEM_ITO/run/im4/C/281.960keV_0.000_0.000_C_1.239cm_250_im.npy,1.239,974165.7347412108,19.865035207642386,0.0,199.08564548416945,187.9127060270753,0.0,4.4000000000000006e-05,4.8561600000000006e-05,0.0,58.43957694555423,24.61521392722341,59.40486449328301,0.0,0.0,0.0,,,,,,,,,,,,,,,,
/vols/lz/tmarley/GEM_ITO/run/im4/C/122.520keV_0.000_0.000_C_0.646cm_7786_im.npy,0.646,403558.7595214844,8.797441541508453,0.0,260.036292334382,89.26818554701416,0.0,1.2134400000000002e-05,3.6790400000000006e-05,0.0,31.987625700973133,57.51584107585517,59.39051044735084,0.0,0.0,0.0,,,,,,,,,,,,,,,,
/vols/lz/tmarley/GEM_ITO/run/im4/C/105.877keV_0.000_0.000_C_1.735cm_9127_im.npy,1.735,359897.9161376953,7.81209702745028,0.0,173.13420173153293,65.19129642472673,0.0,1.6326400000000003e-05,4.399200000000001e-05,0.0,12.423902953117407,45.28400848610252,45.9496553124531,0.0,0.0,0.0,,,,,,,,,,,,,,,,
/vols/lz/tmarley/GEM_ITO/run/im4/C/2.428keV_0.000_0.000_C_1.587cm_2776_im.npy,1.587,3019.64794921875,0.0270961989918,97321.57,2.6896635591015325,0.0603748967756242,0.26231852,1.3600000000000002e-05,0.0022269808,7.825981440000002e-07,61.42869423018319,84.77792231118296,84.84956027573895,1179.9375,1184.0942184154176,0.0,,,,,,,,,,,,,,,,
/vols/lz/tmarley/GEM_ITO/run/im4/C/141.657keV_0.000_0.000_C_0.506cm_9405_im.npy,0.506,421412.4670410156,9.091493040584162,0.0,184.71513926174876,95.5005253146653,0.0,1.9078400000000004e-05,3.77104e-05,0.0,30.770408941449137,9.10991036872296,31.65939227238546,0.0,0.0,0.0,,,,,,,,,,,,,,,,
/vols/lz/tmarley/GEM_ITO/run/im4/C/170.934keV_0.000_0.000_C_1.838cm_5893_im.npy,1.838,526291.673034668,11.612239817301024,0.0,159.5388307222686,114.83807770892088,0.0,2.835200000000001e-05,3.9096000000000007e-05,0.0,56.73353435994824,38.65608011808886,59.84713330346705,0.0,0.0,0.0,,,,,,,,,,,,,,,,
/vols/lz/tmarley/GEM_ITO/run/im4/C/337.121keV_0.000_0.000_C_1.628cm_3751_im.npy,1.628,365.8557739257813,24.05697526197494,0.0,9.19251364763968,0.1603541614507198,0.0,6.144000000000001e-07,2.9219200000000006e-05,0.0,6.740048378188154e-06,54.49434868278468,54.494348682784775,0.0,0.0,0.0,,,,,,,,,,,,,,,,
/vols/lz/tmarley/GEM_ITO/run/im4/C/1.102keV_0.000_0.000_C_1.208cm_3625_im.npy,1.208,-625.8455810546875,0.0177653860915627,18849.848,1.3981708698354436,0.0091142920570319,0.080751546,1.58016e-05,0.0022536848,5.116098560000002e-07,39.59056159618248,89.32765126049006,89.32768291846332,1009.2,1218.0,0.0,,,,,,,,,,,,,,,,
/vols/lz/tmarley/GEM_ITO/run/im4/C/90.108keV_0.000_0.000_C_1.788cm_4760_im.npy,1.788,245394.81060791016,5.393733200678924,0.0,131.3993199832066,73.19787874369312,0.0,1.66592e-05,2.726880000000001e-05,0.0,61.363904564124304,29.763697855257348,62.47077192750271,0.0,0.0,0.0,,,,,,,,,,,,,,,,
/vols/lz/tmarley/GEM_ITO/run/im4/C/257.922keV_0.000_0.000_C_1.300cm_1653_im.npy,1.3,964068.4055786132,21.1698467554482,0.0,353.2266120440526,147.0044889886351,0.0,2.5792000000000003e-05,5.363840000000001e-05,0.0,74.45208803501059,78.50190990732321,80.67470214846568,0.0,0.0,0.0,,,,,,,,,,,,,,,,
/vols/lz/tmarley/GEM_ITO/run/im4/C/199.907keV_0.000_0.000_C_2.087cm_9457_im.npy,2.087,664732.7568969727,14.627819632004568,0.0,154.21482657975878,248.7683215039904,0.0,3.76512e-05,2.4894400000000003e-05,0.0,79.27283491165848,4.439405191091274,79.27396807291319,0.0,0.0,0.0,,,,,,,,,,,,,,,,
/vols/lz/tmarley/GEM_ITO/run/im4/C/83.323keV_0.000_0.000_C_2.176cm_9999_im.npy,2.176,246965.42950439453,5.39542792778576,0.0,115.09548600788024,60.10127733150655,0.0,1.61216e-05,3.267200000000001e-05,0.0,0.6500913803075674,9.431687559450154,9.453268186802749,0.0,0.0,0.0,,,,,,,,,,,,,,,,
/vols/lz/tmarley/GEM_ITO/run/im4/C/87.629keV_0.000_0.000_C_2.414cm_8885_im.npy,2.414,239987.49194335935,5.151084937992824,0.0,105.8733694443186,64.77816822866151,0.0,1.6800000000000002e-05,2.8817600000000003e-05,0.0,42.71757799663504,9.715624394207271,43.20057632663792,0.0,0.0,0.0,,,,,,,,,,,,,,,,
/vols/lz/tmarley/GEM_ITO/run/im4/C/105.099keV_0.000_0.000_C_0.691cm_8315_im.npy,0.691,283609.69567871094,6.17032943538162,0.0,155.47711680909862,99.0455733939924,0.0,1.5225600000000002e-05,2.5249600000000003e-05,0.0,66.09055160526685,51.9351797845756,68.90327025727619,0.0,0.0,0.0,,,,,,,,,,,,,,,,
/vols/lz/tmarley/GEM_ITO/run/im4/C/94.950keV_0.000_0.000_C_0.646cm_5567_im.npy,0.646,283262.91760253906,6.162810120143599,0.0,218.99878766526183,78.76746286012641,0.0,1.06368e-05,3.1292800000000006e-05,0.0,29.441030809890453,59.529573018765184,60.8223855464152,0.0,0.0,0.0,,,,,,,,,,,,,,,,
/vols/lz/tmarley/GEM_ITO/run/im4/C/53.432keV_0.000_0.000_C_1.860cm_5724_im.npy,1.86,150480.37030029297,3.327214288248499,0.0,83.11026217381935,39.45411880409512,0.0,1.3798400000000002e-05,2.9910400000000004e-05,0.0,15.545712529789489,2.707521756874101,15.757734659720386,0.0,0.0,0.0,,,,,,,,,,,,,,,,
/vols/lz/tmarley/GEM_ITO/run/im4/C/208.091keV_0.000_0.000_C_1.762cm_2965_im.npy,1.762,662861.6413574219,14.546885890051612,0.0,246.3224497340042,111.7346431952991,0.0,2.32128e-05,5.136320000000001e-05,0.0,64.70127513295365,66.81389919290415,72.39111008884258,0.0,0.0,0.0,,,,,,,,,,,,,,,,
/vols/lz/tmarley/GEM_ITO/run/im4/C/104.804keV_0.000_0.000_C_1.738cm_1736_im.npy,1.738,309898.1286621094,6.663210423092589,0.0,125.45345327396387,63.2527764527693,0.0,2.0307200000000004e-05,3.918080000000001e-05,0.0,9.149571930015826,1.074831889062113,9.210382057138832,0.0,0.0,0.0,,,,,,,,,,,,,,,,
/vols/lz/tmarley/GEM_ITO/run/im4/C/256.014keV_0.000_0.000_C_1.123cm_6357_im.npy,1.123,860856.9744873047,17.176754554944687,0.0,324.5173299529499,119.52042199785514,0.0,2.3001600000000004e-05,6.618240000000001e-05,0.0,6.624457764915081,55.9258297451513,56.00756930292751,0.0,0.0,0.0,,,,,,,,,,,,,,,,
/vols/lz/tmarley/GEM_ITO/run/im4/C/61.841keV_0.000_0.000_C_2.403cm_9038_im.npy,2.403,149901.5682373047,3.30331346073347,0.0,89.6976736253954,38.72648596841477,0.0,1.312e-05,2.9790400000000005e-05,0.0,2.4160321966451925,16.748454708135377,16.902969500507613,0.0,0.0,0.0,,,,,,,,,,,,,,,,
/vols/lz/tmarley/GEM_ITO/run/im4/C/271.276keV_0.000_0.000_C_2.258cm_9347_im.npy,2.258,848408.750793457,18.46182330637726,0.0,158.70133470214716,269.5954616799213,0.0,4.612480000000001e-05,2.8840000000000005e-05,0.0,81.77530375474856,56.25969484146255,81.95891271485063,0.0,0.0,0.0,,,,,,,,,,,,,,,,
/vols/lz/tmarley/GEM_ITO/run/im4/C/82.823keV_0.000_0.000_C_0.829cm_82_im.npy,0.829,265161.6149902344,5.881580968788966,0.0,136.08472913583853,92.51527002420364,0.0,1.5788800000000004e-05,2.5340800000000003e-05,0.0,62.85437355269087,6.155346803044755,62.88986704834669,0.0,0.0,0.0,,,,,,,,,,,,,,,,
/vols/lz/tmarley/GEM_ITO/run/im4/C/234.498keV_0.000_0.000_C_1.247cm_7809_im.npy,1.247,742065.1275024414,16.22340730530087,0.0,247.5488938094731,175.1514138483949,0.0,2.8550400000000004e-05,3.908160000000001e-05,0.0,74.58923672267325,76.94706526770807,79.93883357810493,0.0,0.0,0.0,,,,,,,,,,,,,,,,
/vols/lz/tmarley/GEM_ITO/run/im4/C/85.826keV_0.000_0.000_C_1.740cm_1251_im.npy,1.74,229561.0248413086,5.012519416724159,0.0,112.25374666342653,60.358877412200535,0.0,1.6281600000000003e-05,2.9820800000000004e-05,0.0,41.88611127918434,23.575385435424774,44.92382247969734,0.0,0.0,0.0,,,,,,,,,,,,,,,,
/vols/lz/tmarley/GEM_ITO/run/im4/C/2.567keV_0.000_0.000_C_1.533cm_9985_im.npy,1.533,889.7258911132812,0.0448490779047489,0.0,4.1304220664565054,1.0886941197272793,0.0,5.280000000000001e-06,1.6064000000000004e-05,0.0,76.57285280414091,68.31484097894537,78.43246974710824,0.0,0.0,0.0,,,,,,,,,,,,,,,,
/vols/lz/tmarley/GEM_ITO/run/im4/C/63.157keV_0.000_0.000_C_1.213cm_9104_im.npy,1.213,175648.67651367188,3.812753823342279,0.0,103.73144220030196,41.97523124011936,0.0,1.3824000000000002e-05,3.25488e-05,0.0,13.30729532792785,0.8479980219768831,13.332397659751832,0.0,0.0,0.0,,,,,,,,,,,,,,,,
/vols/lz/tmarley/GEM_ITO/run/im4/C/156.653keV_0.000_0.000_C_2.141cm_6621_im.npy,2.141,514900.3625488281,11.082239653308712,0.0,176.52740186957018,89.39106845611666,0.0,2.5472000000000003e-05,4.758880000000001e-05,0.0,36.78122850143462,46.463859153762826,52.23764766765666,0.0,0.0,0.0,,,,,,,,,,,,,,,,
/vols/lz/tmarley/GEM_ITO/run/im4/C/301.105keV_0.000_0.000_C_1.247cm_1642_im.npy,1.247,962429.523010254,20.551934337877277,0.0,227.23011033401912,179.2914604242154,0.0,3.881600000000001e-05,5.070720000000001e-05,0.0,62.06851245578144,34.90112728141756,63.56099470913514,0.0,0.0,0.0,,,,,,,,,,,,,,,,
/vols/lz/tmarley/GEM_ITO/run/im4/C/230.869keV_0.000_0.000_C_1.147cm_3347_im.npy,1.147,737489.6544189453,14.549673509740824,0.0,207.90208981572755,118.20720255583991,0.0,2.8243200000000004e-05,5.615680000000001e-05,0.0,29.519666615724265,44.511846661259,48.60574025918761,0.0,0.0,0.0,,,,,,,,,,,,,,,,
/vols/lz/tmarley/GEM_ITO/run/im4/C/295.732keV_0.000_0.000_C_2.000cm_6509_im.npy,2.0,1048860.394897461,22.62012753345323,0.0,287.35373287415985,129.0869085444079,0.0,3.1648000000000006e-05,6.987360000000001e-05,0.0,49.6593241556948,62.24839804762982,65.90204692073797,0.0,0.0,0.0,,,,,,,,,,,,,,,,
/vols/lz/tmarley/GEM_ITO/run/im4/C/208.625keV_0.000_0.000_C_2.199cm_4629_im.npy,2.199,757884.9255371094,14.768736819794954,0.0,195.82171061574837,95.86758809933148,0.0,3.0131200000000004e-05,6.570720000000001e-05,0.0,16.970012747558023,52.92469191435511,53.63591651005713,0.0,0.0,0.0,,,,,,,,,,,,,,,,
/vols/lz/tmarley/GEM_ITO/run/im4/C/104.216keV_0.000_0.000_C_2.305cm_8370_im.npy,2.305,358444.87786865234,7.838714883719195,0.0,164.69129851538236,84.22069782999165,0.0,1.77408e-05,3.5350400000000006e-05,0.0,57.57563626193069,61.98320228973719,67.80978848725329,0.0,0.0,0.0,,,,,,,,,,,,,,,,
/vols/lz/tmarley/GEM_ITO/run/im4/C/53.974keV_0.000_0.000_C_0.943cm_4543_im.npy,0.943,142749.19659423828,3.137235650731564,0.0,94.79884485632064,39.18359143509402,0.0,1.1251200000000002e-05,2.8995200000000003e-05,0.0,16.744645320072276,12.48990291525132,20.486275030305617,0.0,0.0,0.0,,,,,,,,,,,,,,,,
/vols/lz/tmarley/GEM_ITO/run/im4/C/166.869keV_0.000_0.000_C_0.794cm_3097_im.npy,0.794,557209.3098144531,12.181038325530716,0.0,371.1984786680208,79.4959513563784,0.0,1.11808e-05,4.9998400000000006e-05,0.0,24.929164104893964,63.855756565450015,64.42628299968062,0.0,0.0,0.0,,,,,,,,,,,,,,,,
/vols/lz/tmarley/GEM_ITO/run/im4/C/141.165keV_0.000_0.000_C_1.898cm_5913_im.npy,1.898,479363.5139770508,10.36558361401323,0.0,188.0607163352822,76.35185000222062,0.0,1.8540800000000004e-05,4.9142400000000006e-05,0.0,12.047778314271897,51.45966865394861,51.85684983525557,0.0,0.0,0.0,,,,,,,,,,,,,,,,
/vols/lz/tmarley/GEM_ITO/run/im4/C/193.841keV_0.000_0.000_C_0.904cm_3546_im.npy,0.904,617869.1229248047,12.03733053276054,0.0,185.2501964463936,106.57030084157638,0.0,2.668800000000001e-05,4.294400000000001e-05,0.0,31.122887001040024,26.88276744625022,38.2517781537054,0.0,0.0,0.0,,,,,,,,,,,,,,,,
/vols/lz/tmarley/GEM_ITO/run/im4/C/137.126keV_0.000_0.000_C_1.037cm_3286_im.npy,1.037,430667.3005371094,9.376580815910962,0.0,151.489592713765,125.50498640125755,0.0,2.29376e-05,3.15232e-05,0.0,54.9243041889978,13.865860632239102,55.32209223646228,0.0,0.0,0.0,,,,,,,,,,,,,,,,
/vols/lz/tmarley/GEM_ITO/run/im4/C/78.781keV_0.000_0.000_C_1.943cm_6788_im.npy,1.943,217831.69018554688,4.775585000326596,0.0,120.15452908250808,60.96114456122511,0.0,1.3734400000000002e-05,2.966720000000001e-05,0.0,40.681076594273655,40.20530646505975,50.3234181402841,0.0,0.0,0.0,,,,,,,,,,,,,,,,
/vols/lz/tmarley/GEM_ITO/run/im4/C/94.140keV_0.000_0.000_C_1.550cm_7896_im.npy,1.55,309440.94061279297,6.723357342155063,0.0,119.84026542208576,60.949965587494106,0.0,2.02368e-05,3.9305600000000005e-05,0.0,25.3636445650986,11.879376232779949,27.41276674820593,0.0,0.0,0.0,,,,,,,,,,,,,,,,
/vols/lz/tmarley/GEM_ITO/run/im4/C/169.347keV_0.000_0.000_C_1.173cm_3932_im.npy,1.173,580404.2504272461,12.136901759282676,0.0,160.20190821021862,104.88634846922916,0.0,2.9830400000000005e-05,3.988e-05,0.0,43.32152652057071,2.8278372454040546,43.36070321994062,0.0,0.0,0.0,,,,,,,,,,,,,,,,
/vols/lz/tmarley/GEM_ITO/run/im4/C/95.516keV_0.000_0.000_C_1.096cm_2913_im.npy,1.096,269654.56524658203,5.781088195195515,0.0,130.80447217764373,60.22342375479317,0.0,1.5840000000000004e-05,3.4763200000000006e-05,0.0,22.759844566947177,10.57370560101458,24.66418543189489,0.0,0.0,0.0,,,,,,,,,,,,,,,,
/vols/lz/tmarley/GEM_ITO/run/im4/C/174.376keV_0.000_0.000_C_1.470cm_7628_im.npy,1.47,562586.6284790039,10.862025750205833,0.0,180.99689751801208,87.7885342701687,0.0,2.5587200000000005e-05,4.6398400000000006e-05,0.0,0.1308989367086512,31.772008099011867,31.772182590305277,0.0,0.0,0.0,,,,,,,,,,,,,,,,
/vols/lz/tmarley/GEM_ITO/run/im4/C/92.018keV_0.000_0.000_C_0.936cm_7939_im.npy,0.936,253834.93170166016,5.451626331375283,0.0,161.02086034988508,68.56326988734442,0.0,1.2608000000000002e-05,3.047840000000001e-05,0.0,4.6959295178213125,25.08291862475608,25.418184324969904,0.0,0.0,0.0,,,,,,,,,,,,,,,,
/vols/lz/tmarley/GEM_ITO/run/im4/C/190.450keV_0.000_0.000_C_1.246cm_5019_im.npy,1.246,588655.8375244141,12.926527752383215,0.0,159.2195148555137,133.8399621013669,0.0,2.7596800000000003e-05,4.015680000000001e-05,0.0,54.64652428530746,38.33036858949053,58.25259664716064,0.0,0.0,0.0,,,,,,,,,,,,,,,,
/vols/lz/tmarley/GEM_ITO/run/im4/C/73.886keV_0.000_0.000_C_2.490cm_8258_im.npy,2.49,220454.20153808597,4.735954136350663,0.0,102.22220268956644,54.34713868832858,0.0,1.5859200000000002e-05,3.136160000000001e-05,0.0,24.321517690999,0.3111695499158659,24.323070055760724,0.0,0.0,0.0,,,,,,,,,,,,,,,,
/vols/lz/tmarley/GEM_ITO/run/im4/C/153.015keV_0.000_0.000_C_2.105cm_4923_im.npy,2.105,477892.4447631836,10.58793338669549,0.0,162.71664904191002,119.8162750914346,0.0,2.4672000000000004e-05,3.3264000000000005e-05,0.0,65.53377999001842,58.59630537091508,69.95658718827222,0.0,0.0,0.0,,,,,,,,,,,,,,,,
/vols/lz/tmarley/GEM_ITO/run/im4/C/80.151keV_0.000_0.000_C_1.492cm_1596_im.npy,1.492,212668.2788696289,4.675169944431944,0.0,116.00572869086238,58.34208475014293,0.0,1.32096e-05,2.952640000000001e-05,0.0,35.90272802696265,25.166359497874456,40.795977365653016,0.0,0.0,0.0,,,,,,,,,,,,,,,,
/vols/lz/tmarley/GEM_ITO/run/im4/C/145.582keV_0.000_0.000_C_2.071cm_7502_im.npy,2.071,444379.1786499024,9.430381002119011,0.0,128.02527158670725,100.88091177466475,0.0,2.6668800000000005e-05,4.1153600000000005e-05,0.0,34.980342175456215,24.52475866731312,39.87223649051501,0.0,0.0,0.0,,,,,,,,,,,,,,,,
/vols/lz/tmarley/GEM_ITO/run/im4/C/69.037keV_0.000_0.000_C_0.791cm_4323_im.npy,0.791,171673.85913085938,3.844614120502668,0.0,132.7841650204888,47.52961223969338,0.0,1.06368e-05,2.893760000000001e-05,0.0,1.5668014196661404,20.86467371629508,20.91369411167801,0.0,0.0,0.0,,,,,,,,,,,,,,,,
/vols/lz/tmarley/GEM_ITO/run/im4/C/367.621keV_0.000_0.000_C_0.693cm_6277_im.npy,0.693,1263681.8561401367,27.52963541955101,0.0,745.8605043794425,145.67326310356026,0.0,1.4304000000000002e-05,8.136640000000001e-05,0.0,12.876726682631784,74.87024617436855,74.89774680666565,0.0,0.0,0.0,,,,,,,,,,,,,,,,
/vols/lz/tmarley/GEM_ITO/run/im4/C/49.574keV_0.000_0.000_C_1.128cm_7848_im.npy,1.128,132172.5361328125,2.82410117086056,0.0,101.29930075249558,35.367839531900174,0.0,1.02976e-05,2.8657600000000005e-05,0.0,17.098087817684,25.25843869322385,29.38941133636343,0.0,0.0,0.0,,,,,,,,,,,,,,,,
/vols/lz/tmarley/GEM_ITO/run/im4/C/162.887keV_0.000_0.000_C_0.985cm_2375_im.npy,0.985,488609.127746582,10.528021392845456,0.0,203.10168685569383,98.11022427291654,0.0,1.9763200000000004e-05,4.614880000000001e-05,0.0,27.47389184966585,39.83760601013995,44.5106548224982,0.0,0.0,0.0,,,,,,,,,,,,,,,,
/vols/lz/tmarley/GEM_ITO/run/im4/C/111.643keV_0.000_0.000_C_0.559cm_9590_im.npy,0.559,385992.4602661133,8.44646637757226,0.0,363.3671668192524,85.03162809422061,0.0,7.891200000000002e-06,3.8184000000000006e-05,0.0,42.040945772291415,73.42297515715035,73.96006586131254,0.0,0.0,0.0,,,,,,,,,,,,,,,,
/vols/lz/tmarley/GEM_ITO/run/im4/C/116.043keV_0.000_0.000_C_1.408cm_5722_im.npy,1.408,430310.4304199219,9.291881638974983,0.0,251.30520213998892,89.83196907889868,0.0,1.3299200000000005e-05,3.993120000000001e-05,0.0,48.62931190266077,73.12033779419203,73.9925767551705,0.0,0.0,0.0,,,,,,,,,,,,,,,,
/vols/lz/tmarley/GEM_ITO/run/im0/C/95.102keV_0.000_0.000_C_1.397cm_366_im.npy,1.397,280537.208984375,6.069834739903341,0.0,131.27235226455915,76.53255526903587,0.0,1.7241600000000004e-05,2.9451200000000004e-05,0.0,51.7395851997654,29.954490417277345,54.3231393099299,0.0,0.0,0.0,,,,,,,,,,,,,,,,
/vols/lz/tmarley/GEM_ITO/run/im0/C/326.684keV_0.000_0.000_C_1.896cm_2152_im.npy,1.896,1095487.0525512695,23.187279885526657,0.0,199.4224508167415,185.1196789630494,0.0,4.512640000000001e-05,5.376960000000001e-05,0.0,63.63626700211213,47.69493069784238,66.47847788047363,0.0,0.0,0.0,,,,,,,,,,,,,,,,
/vols/lz/tmarley/GEM_ITO/run/im4/C/140.689keV_0.000_0.000_C_1.558cm_2493_im.npy,1.558,394996.1276245117,8.497604759916323,0.0,143.0111455551011,80.60650429872834,0.0,2.2732800000000004e-05,4.0368e-05,0.0,29.537120708975213,19.71298157419042,33.83836527129433,0.0,0.0,0.0,,,,,,,,,,,,,,,,
/vols/lz/tmarley/GEM_ITO/run/im4/C/143.221keV_0.000_0.000_C_1.621cm_1423_im.npy,1.621,450427.1942749024,8.508474998751598,0.0,132.5349609906964,78.91214727518691,0.0,2.8345600000000005e-05,4.460320000000001e-05,0.0,5.972575233427739,15.77166908777112,16.761857218008544,0.0,0.0,0.0,,,,,,,,,,,,,,,,
/vols/lz/tmarley/GEM_ITO/run/im4/C/249.249keV_0.000_0.000_C_1.597cm_3645_im.npy,1.597,774594.4744873047,13.74359784631386,0.0,189.23870871211625,135.7041526052698,0.0,3.67616e-05,4.701120000000001e-05,0.0,36.90217766380938,22.90364592164752,40.74754446410428,0.0,0.0,0.0,,,,,,,,,,,,,,,,
/vols/lz/tmarley/GEM_ITO/run/im4/F/141.170keV_0.000_0.000_F_0.918cm_8677_im.npy,0.918,350705.55859375,7.633594711647619,0.0,208.16734681486756,82.94065463943242,0.0,1.2345600000000004e-05,3.4720000000000006e-05,0.0,18.389452848634093,49.89873871608755,50.960189752352186,0.0,0.0,0.0,,,,,,,,,,,,,,,,
/vols/lz/tmarley/GEM_ITO/run/im4/F/160.559keV_0.000_0.000_F_0.902cm_4653_im.npy,0.902,428060.8854370117,9.223063315237804,0.0,150.64655499291914,168.47159120973154,0.0,2.1792000000000004e-05,2.3988800000000003e-05,0.0,78.6539943120224,71.44460393045154,80.2278687787662,0.0,0.0,0.0,,,,,,,,,,,,,,,,
/vols/lz/tmarley/GEM_ITO/run/im4/F/233.294keV_0.000_0.000_F_2.042cm_4819_im.npy,2.042,638235.7082519531,13.408869241235283,0.0,171.8571102438055,128.48443847846173,0.0,3.230720000000001e-05,4.153280000000001e-05,0.0,46.08775743108448,24.272607139009523,48.552206700700864,0.0,0.0,0.0,,,,,,,,,,,,,,,,
/vols/lz/tmarley/GEM_ITO/run/im4/F/5.605keV_0.000_0.000_F_2.001cm_6342_im.npy,2.001,2533.6153564453125,0.0792140344645932,0.0,5.604444804278134,1.3072777021135464,0.0,4.710400000000001e-06,1.7704000000000002e-05,0.0,7.9323711513917265,86.58904958616513,86.58916693104688,0.0,0.0,0.0,,,,,,,,,,,,,,,,
/vols/lz/tmarley/GEM_ITO/run/im4/F/139.027keV_0.000_0.000_F_2.286cm_4455_im.npy,2.286,438660.56896972656,9.526896469557244,0.0,179.34250481486413,80.74609463727553,0.0,1.8112e-05,4.3996800000000005e-05,0.0,32.093187157470986,56.72434691098414,58.74728773953105,0.0,0.0,0.0,,,,,,,,,,,,,,,,
/vols/lz/tmarley/GEM_ITO/run/im4/F/158.512keV_0.000_0.000_F_1.379cm_877_im.npy,1.379,402446.7328491211,8.729777207992388,0.0,198.99154064450343,88.91046737147549,0.0,1.5692800000000003e-05,3.923520000000001e-05,0.0,14.643164428455632,45.66408423667988,46.56778551850791,0.0,0.0,0.0,,,,,,,,,,,,,,,,
/vols/lz/tmarley/GEM_ITO/run/im4/F/137.444keV_0.000_0.000_F_1.763cm_9685_im.npy,1.763,328250.9561767578,7.161303421086792,0.0,136.95534644885566,68.93946298768083,0.0,1.9392000000000003e-05,3.7312000000000005e-05,0.0,15.370229627266925,5.074312199106757,16.112569912334486,0.0,0.0,0.0,,,,,,,,,,,,,,,,
/vols/lz/tmarley/GEM_ITO/run/im4/F/1.193keV_0.000_0.000_F_0.992cm_4705_im.npy,0.992,455.467529296875,0.0241886915718916,35767.594,2.707478316338364,0.0301269501875003,0.18294743,9.1264e-06,0.002297512,5.287101440000002e-07,12.7727442497229,86.04727991615944,86.04776321396686,163.23711340206182,1215.3862660944203,0.0,,,,,,,,,,,,,,,,
/vols/lz/tmarley/GEM_ITO/run/im4/F/132.690keV_0.000_0.000_F_0.794cm_8925_im.npy,0.794,385770.2037353516,8.271440124509954,0.0,153.34043713991875,66.30626496401264,0.0,2.0198400000000003e-05,4.1123200000000006e-05,0.0,18.844061684735752,3.218065713031925,19.07981245317025,0.0,0.0,0.0,,,,,,,,,,,,,,,,
/vols/lz/tmarley/GEM_ITO/run/im4/F/132.496keV_0.000_0.000_F_1.205cm_3664_im.npy,1.205,349424.68908691406,7.513083730808338,0.0,164.2778877553316,81.73229656911325,0.0,1.7196800000000004e-05,3.4478400000000005e-05,0.0,38.06924073234544,26.32821636005297,42.81382342771628,0.0,0.0,0.0,,,,,,,,,,,,,,,,
/vols/lz/tmarley/GEM_ITO/run/im4/F/1.132keV_0.000_0.000_F_1.940cm_3426_im.npy,1.94,1047.1635131835938,0.0173644399168978,58052.69,2.3349530109951058,0.0262924982222303,0.17389745,1.2499200000000002e-05,0.0023171936,7.104911360000002e-07,10.601795306450953,89.72221980357803,89.72221991795402,239.43589743589743,1218.0,0.0,,,,,,,,,,,,,,,,
/vols/lz/tmarley/GEM_ITO/run/im4/F/2.028keV_0.000_0.000_F_0.699cm_6952_im.npy,0.699,923.11083984375,0.0323149315700918,2354.7148,6.787035844009062,1.5490298425530515,1.3538405,5.670400000000001e-06,1.4350400000000002e-05,2.7197440000000012e-09,8.643310747943838,64.41285518608761,64.47177355521758,93.37051792828686,216.7552447552448,0.0,,,,,,,,,,,,,,,,
/vols/lz/tmarley/GEM_ITO/run/im4/F/1.125keV_0.000_0.000_F_2.206cm_5733_im.npy,2.206,974.5341796875,0.0239123955770087,73719.375,1.965408930180831,0.0328266319544146,0.18947574,1.7094400000000004e-05,0.0022818048,1.0071449600000003e-06,24.503019953847616,86.4662413762467,86.46763680579822,480.7894736842105,1218.0,0.0,,,,,,,,,,,,,,,,
/vols/lz/tmarley/GEM_ITO/run/im4/F/154.905keV_0.000_0.000_F_1.094cm_3719_im.npy,1.094,432756.68377685547,9.461158642141676,0.0,157.17246915711564,137.06825396242488,0.0,2.3564800000000005e-05,2.817440000000001e-05,0.0,69.68483636847051,43.3181785641944,70.73411876537007,0.0,0.0,0.0,,,,,,,,,,,,,,,,
/vols/lz/tmarley/GEM_ITO/run/im4/F/208.532keV_0.000_0.000_F_1.853cm_4595_im.npy,1.853,584150.0368041992,12.728340416623206,0.0,150.9320906362579,145.6997726493505,0.0,3.0899200000000004e-05,3.401280000000001e-05,0.0,61.35369230858399,26.75276672509873,62.22589093603772,0.0,0.0,0.0,,,,,,,,,,,,,,,,
/vols/lz/tmarley/GEM_ITO/run/im4/F/255.346keV_0.000_0.000_F_1.727cm_7443_im.npy,1.727,792795.586730957,11.337706770355004,0.0,174.15334044319735,136.7101474909676,0.0,3.6160000000000006e-05,4.033600000000001e-05,0.0,5.948684158887713,8.890970064494313,10.645134103064663,0.0,0.0,0.0,,,,,,,,,,,,,,,,
/vols/lz/tmarley/GEM_ITO/run/im4/F/1.085keV_0.000_0.000_F_1.950cm_973_im.npy,1.95,390.658447265625,0.0220971263728547,56018.87,1.5772747284008335,0.0211352070403813,0.13637117,2.2636800000000003e-05,0.002258176,1.0179174400000002e-06,11.458948971753522,87.96351534177738,87.96356819673075,302.1395348837209,1218.0,0.0,,,,,,,,,,,,,,,,
/vols/lz/tmarley/GEM_ITO/run/im4/F/1.413keV_0.000_0.000_F_2.231cm_1961_im.npy,2.231,1948.9301147460935,0.0296526532315127,75223.66,4.998749892517335,0.0540383378500154,0.27335557,1.2224000000000002e-05,0.0022164208,7.913226240000002e-07,24.43952998114486,83.51012392953103,83.51870523270324,589.3548387096773,1178.9615384615386,0.0,,,,,,,,,,,,,,,,
/vols/lz/tmarley/GEM_ITO/run/im4/F/1.270keV_0.000_0.000_F_1.188cm_2761_im.npy,1.188,2032.5681762695312,0.030615699410663,63591.93,2.981996948852056,0.0578501376334865,0.23408827,1.0406400000000004e-05,0.0022798976,6.497643520000002e-07,70.30601842874184,82.94376920210802,83.32768056269865,1141.875,1181.5641025641023,0.0,,,,,,,,,,,,,,,,
/vols/lz/tmarley/GEM_ITO/run/im4/F/98.113keV_0.000_0.000_F_0.940cm_9739_im.npy,0.94,205574.80767822263,4.455198590393167,0.0,141.1045091647712,59.3093807977765,0.0,1.09056e-05,2.8342400000000005e-05,0.0,23.63818983338192,17.584098989910082,28.38549424803154,0.0,0.0,0.0,,,,,,,,,,,,,,,,
/vols/lz/tmarley/GEM_ITO/run/im4/F/142.686keV_0.000_0.000_F_0.607cm_7280_im.npy,0.607,407019.0516357422,8.73306449878291,0.0,176.31568371667544,79.27297415683563,0.0,1.8726400000000004e-05,4.680160000000001e-05,0.0,19.48747617419413,28.12009851125954,32.657635182846725,0.0,0.0,0.0,,,,,,,,,,,,,,,,
/vols/lz/tmarley/GEM_ITO/run/im4/F/233.382keV_0.000_0.000_F_1.770cm_5547_im.npy,1.77,636648.1947631836,11.123985281745677,0.0,166.9725326228847,109.30745564299598,0.0,3.0169600000000003e-05,4.015680000000001e-05,0.0,19.650561768175383,6.62471907687814,20.58073516768441,0.0,0.0,0.0,,,,,,,,,,,,,,,,
/vols/lz/tmarley/GEM_ITO/run/im4/F/101.524keV_0.000_0.000_F_0.697cm_4368_im.npy,0.697,276604.87365722656,6.072430759400746,0.0,161.24942554213328,77.50517201499198,0.0,1.3228800000000005e-05,3.3785600000000004e-05,0.0,25.36833684468207,41.81491058759083,45.35486021157684,0.0,0.0,0.0,,,,,,,,,,,,,,,,
/vols/lz/tmarley/GEM_ITO/run/im0/C/91.414keV_0.000_0.000_C_1.483cm_3795_im.npy,1.483,289997.6784667969,6.264806740527511,0.0,136.06248308692795,65.27041983175354,0.0,1.61152e-05,3.678560000000001e-05,0.0,12.979050415565268,29.24339737822238,31.19327203975657,0.0,0.0,0.0,,,,,,,,,,,,,,,,
/vols/lz/tmarley/GEM_ITO/run/im0/C/262.436keV_0.000_0.000_C_2.291cm_6003_im.npy,2.291,1021325.3580932616,22.123614751160588,0.0,250.5127314683775,133.6681419638725,0.0,3.4156800000000005e-05,6.468160000000001e-05,0.0,58.50015826293746,72.32191305804106,74.21117121600672,0.0,0.0,0.0,,,,,,,,,,,,,,,,
/vols/lz/tmarley/GEM_ITO/run/im0/C/148.474keV_0.000_0.000_C_1.084cm_2462_im.npy,1.084,452230.4929199219,9.780610254543914,0.0,144.45536247882947,140.92977260761174,0.0,2.3846400000000003e-05,2.7171200000000005e-05,0.0,70.57147893667869,34.48881247333188,71.07853978776468,0.0,0.0,0.0,,,,,,,,,,,,,,,,
/vols/lz/tmarley/GEM_ITO/run/im0/C/2.050keV_0.000_0.000_C_0.652cm_1116_im.npy,0.652,1741.3993530273438,0.0628549847797063,0.0,6.360992911864272,1.159941506974186,0.0,3.8848000000000005e-06,1.5699200000000004e-05,0.0,50.16348629846953,65.01520660430745,67.86240267594806,0.0,0.0,0.0,,,,,,,,,,,,,,,,
/vols/lz/tmarley/GEM_ITO/run/im0/C/85.240keV_0.000_0.000_C_0.916cm_2503_im.npy,0.916,236278.24114990237,5.133226604015868,0.0,149.72004862708565,73.42996195157518,0.0,1.2185600000000002e-05,2.7070400000000004e-05,0.0,35.605916283479395,12.108003054304977,36.77921570021747,0.0,0.0,0.0,,,,,,,,,,,,,,,,
/vols/lz/tmarley/GEM_ITO/run/im0/C/149.364keV_0.000_0.000_C_0.939cm_1630_im.npy,0.939,368954.8958129883,8.089041675573476,0.0,164.91179669798697,111.25582488123683,0.0,1.7779200000000004e-05,2.8784000000000004e-05,0.0,47.876770102290585,3.5924610848080576,47.92263116367448,0.0,0.0,0.0,,,,,,,,,,,,,,,,
/vols/lz/tmarley/GEM_ITO/run/im0/C/304.211keV_0.000_0.000_C_1.533cm_6163_im.npy,1.533,982747.5471801758,21.219745375632897,0.0,579.8832270157731,102.35829299598724,0.0,1.0067200000000002e-05,6.387040000000001e-05,0.0,28.74063770296373,67.73841781148553,68.22791356080154,0.0,0.0,0.0,,,,,,,,,,,,,,,,
/vols/lz/tmarley/GEM_ITO/run/im0/C/3.870keV_0.000_0.000_C_1.378cm_2489_im.npy,1.378,3181.5037841796875,0.0814120357629709,17002.68,4.981408245597391,2.048820449685285,2.080307,8.9152e-06,1.82432e-05,1.1889664000000005e-08,0.0875776848508968,88.05489811084391,88.05489811346266,154.4516129032258,127.03278688524593,0.0,,,,,,,,,,,,,,,,
/vols/lz/tmarley/GEM_ITO/run/im4/F/1.023keV_0.000_0.000_F_1.227cm_1533_im.npy,1.227,334.07177734375,0.0150510433843841,29659.396,1.9731145303972533,0.0162102688807356,0.13167152,9.7088e-06,0.0023102416,5.399413760000002e-07,62.328161312434815,89.95086746482608,89.95086753052088,840.0,1218.0,0.0,,,,,,,,,,,,,,,,
/vols/lz/tmarley/GEM_ITO/run/im4/F/153.393keV_0.000_0.000_F_0.650cm_168_im.npy,0.65,391863.7727661133,8.388829683260145,0.0,224.9692071711367,88.55105152290989,0.0,1.4105600000000004e-05,3.6478400000000006e-05,0.0,6.807218771054185,20.02717159578007,20.984600325888056,0.0,0.0,0.0,,,,,,,,,,,,,,,,
/vols/lz/tmarley/GEM_ITO/run/im4/F/3.081keV_0.000_0.000_F_1.382cm_3544_im.npy,1.382,2288.794311523437,0.0263762822425661,91934.58,3.2099511181802782,0.0483812761732589,0.24789621,1.5731200000000003e-05,0.002244128,9.540321280000002e-07,40.42892821174323,85.86247147000711,85.87027935658855,1218.0,1210.1755888650964,0.0,,,,,,,,,,,,,,,,
/vols/lz/tmarley/GEM_ITO/run/im4/F/2.036keV_0.000_0.000_F_2.433cm_2725_im.npy,2.433,1690.6685180664062,0.0328311013600494,138011.33,2.984714667072592,0.0530440038924703,0.27951196,2.1088e-05,0.0022249136,1.2411356160000003e-06,65.36356256562065,84.35929158199824,84.48493737349834,1078.8,1178.9615384615386,0.0,,,,,,,,,,,,,,,,
/vols/lz/tmarley/GEM_ITO/run/im4/F/171.091keV_0.000_0.000_F_2.382cm_6500_im.npy,2.382,410897.25,9.098316819850726,0.0,217.06516910455585,100.26617253367328,0.0,1.4540800000000005e-05,3.4796800000000005e-05,0.0,48.94051903161167,71.18390680993573,72.3942748927371,0.0,0.0,0.0,,,,,,,,,,,,,,,,
/vols/lz/tmarley/GEM_ITO/run/im4/F/210.803keV_0.000_0.000_F_2.145cm_2994_im.npy,2.145,592390.735168457,12.947691652198966,0.0,278.6702249019095,125.46474523995386,0.0,1.7472e-05,3.541920000000001e-05,0.0,67.0560486277132,80.82115471763797,81.4153450219398,0.0,0.0,0.0,,,,,,,,,,,,,,,,
/vols/lz/tmarley/GEM_ITO/run/im4/F/213.240keV_0.000_0.000_F_0.985cm_4609_im.npy,0.985,634752.9940795898,13.826151703221951,0.0,182.11093930168963,261.88988667588507,0.0,2.7532800000000005e-05,2.3105600000000005e-05,0.0,86.32277944777293,79.34830827730508,86.5198229432654,0.0,0.0,0.0,,,,,,,,,,,,,,,,
/vols/lz/tmarley/GEM_ITO/run/im4/F/2.044keV_0.000_0.000_F_1.321cm_7329_im.npy,1.321,55.763916015625,0.0142118392624474,23124.854,1.896827183350639,0.0139971804120659,0.119545326,8.512e-06,0.00230972,5.102960640000001e-07,86.25679461615928,89.8461957776319,89.84632507882829,1023.12,1218.0,0.0,,,,,,,,,,,,,,,,
/vols/lz/tmarley/GEM_ITO/run/im4/F/196.706keV_0.000_0.000_F_2.160cm_4012_im.npy,2.16,534751.8641357422,11.620031580127293,0.0,169.48805344821375,112.07811552057092,0.0,2.4793600000000003e-05,4.3273600000000005e-05,0.0,48.73433321182208,50.64349742547002,59.07138892117715,0.0,0.0,0.0,,,,,,,,,,,,,,,,
/vols/lz/tmarley/GEM_ITO/run/im4/F/84.567keV_0.000_0.000_F_1.665cm_289_im.npy,1.665,198994.908203125,4.288250531597916,0.0,110.94549660327183,54.672925584975054,0.0,1.3958400000000002e-05,2.966720000000001e-05,0.0,32.29217380671737,23.852956269133077,37.643029373067975,0.0,0.0,0.0,,,,,,,,,,,,,,,,
/vols/lz/tmarley/GEM_ITO/run/im4/F/157.940keV_0.000_0.000_F_1.575cm_8534_im.npy,1.575,437414.4699707031,9.444629492785408,0.0,168.7856122215546,84.18144957145267,0.0,2.1216000000000005e-05,4.559200000000001e-05,0.0,3.7457480546391366,31.72575493993193,31.86882579785415,0.0,0.0,0.0,,,,,,,,,,,,,,,,
/vols/lz/tmarley/GEM_ITO/run/im4/F/3.951keV_0.000_0.000_F_1.217cm_1928_im.npy,1.217,3681.11572265625,0.0689149747053577,0.0,7.132011402966734,1.8880521846714748,0.0,4.467200000000001e-06,1.5382400000000004e-05,0.0,19.389978196550672,65.24354625918633,65.52561166939286,0.0,0.0,0.0,,,,,,,,,,,,,,,,
/vols/lz/tmarley/GEM_ITO/run/im4/F/176.616keV_0.000_0.000_F_1.365cm_8370_im.npy,1.365,479675.361694336,10.523579620068018,0.0,332.543179938716,82.81143277902669,0.0,1.1283200000000002e-05,4.585600000000001e-05,0.0,22.36953254936645,69.17091446392955,69.40045919051846,0.0,0.0,0.0,,,,,,,,,,,,,,,,
/vols/lz/tmarley/GEM_ITO/run/im4/F/183.034keV_0.000_0.000_F_0.944cm_6975_im.npy,0.944,493714.9263916016,10.757620685505698,0.0,158.99800657628094,122.03096627182612,0.0,2.3833600000000005e-05,3.80256e-05,0.0,47.042884751372384,25.6135521157834,49.62711415695667,0.0,0.0,0.0,,,,,,,,,,,,,,,,
/vols/lz/tmarley/GEM_ITO/run/im4/F/298.160keV_0.000_0.000_F_2.494cm_5723_im.npy,2.494,874034.3480834961,18.756143609272,0.0,176.87591138600385,228.25352494420852,0.0,4.440320000000001e-05,3.2769600000000006e-05,0.0,71.77365650223587,22.031509975640297,71.92292138457547,0.0,0.0,0.0,,,,,,,,,,,,,,,,
/vols/lz/tmarley/GEM_ITO/run/im4/F/212.192keV_0.000_0.000_F_2.369cm_9351_im.npy,2.369,597902.0223999023,11.641882957301512,0.0,129.86369973128828,108.54642295514708,0.0,3.565440000000001e-05,3.940640000000001e-05,0.0,38.04690115750686,2.7934345410845345,38.100856826165504,0.0,0.0,0.0,,,,,,,,,,,,,,,,
/vols/lz/tmarley/GEM_ITO/run/im4/F/2.356keV_0.000_0.000_F_2.010cm_3356_im.npy,2.01,1287.8682250976562,0.0190524744986944,51829.63,2.805478679290544,0.0288560925606822,0.2061605,9.44e-06,0.002271288,5.480770560000002e-07,35.79537031653492,88.55010798086342,88.55034931245761,891.219512195122,1218.0,0.0,,,,,,,,,,,,,,,,
/vols/lz/tmarley/GEM_ITO/run/im4/F/134.217keV_0.000_0.000_F_2.498cm_4928_im.npy,2.498,314017.9083251953,6.947196940346387,0.0,161.5720041221703,78.77271086850827,0.0,1.5200000000000002e-05,3.1920000000000006e-05,0.0,30.986561208503463,43.667088793268086,48.43527308563081,0.0,0.0,0.0,,,,,,,,,,,,,,,,
/vols/lz/tmarley/GEM_ITO/run/im4/F/1.619keV_0.000_0.000_F_1.943cm_5016_im.npy,1.943,174.7532958984375,0.0266078641785888,91988.91,2.799383954566731,0.0449303816445465,0.20516486,2.0160000000000003e-05,0.002270304,1.3038658560000004e-06,67.64773707204796,85.05238755608339,85.15800449635283,1165.0434782608695,1194.5267665952892,0.0,,,,,,,,,,,,,,,,
/vols/lz/tmarley/GEM_ITO/run/im4/F/1.909keV_0.000_0.000_F_0.702cm_1282_im.npy,0.702,2372.739624023437,0.0409858499692025,0.0,5.768251544169178,1.450336740382991,0.0,3.865600000000001e-06,1.4356800000000005e-05,0.0,86.64741047276011,66.8424204722843,86.67834859317068,0.0,0.0,0.0,,,,,,,,,,,,,,,,
/vols/lz/tmarley/GEM_ITO/run/im4/F/5.898keV_0.000_0.000_F_2.220cm_7006_im.npy,2.22,3752.2664184570312,0.0743803238733359,4411.0186,5.5486127265466845,1.875020901745696,1.8194338,7.129600000000001e-06,1.6872000000000004e-05,3.620352000000001e-09,79.98255441807824,67.5778827814022,80.77643795251541,130.66666666666666,175.30434782608697,0.0,,,,,,,,,,,,,,,,
/vols/lz/tmarley/GEM_ITO/run/im4/F/114.616keV_0.000_0.000_F_0.761cm_9238_im.npy,0.761,274687.02307128906,6.0406480790874575,0.0,204.2312419620734,73.49994405267758,0.0,1.07008e-05,3.057600000000001e-05,0.0,11.885824222175916,44.05814792263584,44.72011899147447,0.0,0.0,0.0,,,,,,,,,,,,,,,,
/vols/lz/tmarley/GEM_ITO/run/im4/F/1.081keV_0.000_0.000_F_2.465cm_2743_im.npy,2.465,281.86285400390625,0.022721314113702,57749.96,2.39221156941054,0.0234450059309589,0.16460836,1.66144e-05,0.0022583344,1.0130580480000004e-06,4.007340996232226,88.005054051472,88.00505998620949,102.72289156626516,1218.0,0.0,,,,,,,,,,,,,,,,
/vols/lz/tmarley/GEM_ITO/run/im4/F/108.901keV_0.000_0.000_F_2.032cm_7324_im.npy,2.032,216741.33837890625,4.630149890321217,0.0,120.27173074813338,61.00501462118774,0.0,1.3286400000000002e-05,2.776800000000001e-05,0.0,20.37420508220456,4.592519314364861,20.80538506290807,0.0,0.0,0.0,,,,,,,,,,,,,,,,
/vols/lz/tmarley/GEM_ITO/run/im4/F/163.418keV_0.000_0.000_F_0.590cm_7876_im.npy,0.59,399717.6394042969,8.638861897992722,0.0,188.9289541035767,166.50116757553002,0.0,1.58912e-05,2.2681600000000003e-05,0.0,78.27932160103451,77.86685939228124,81.5090965157396,0.0,0.0,0.0,,,,,,,,,,,,,,,,
/vols/lz/tmarley/GEM_ITO/run/im4/F/105.554keV_0.000_0.000_F_1.904cm_5421_im.npy,1.904,245887.50366210935,5.372437317866672,0.0,126.67820621708478,70.73760049240029,0.0,1.5955200000000003e-05,2.9196800000000005e-05,0.0,36.963886997441946,10.571319053037705,37.78862675176331,0.0,0.0,0.0,,,,,,,,,,,,,,,,
/vols/lz/tmarley/GEM_ITO/run/im4/F/152.746keV_0.000_0.000_F_0.530cm_2026_im.npy,0.53,380299.5447998047,8.3250450285288,0.0,173.84592392606558,94.52629598322092,0.0,1.77856e-05,3.3492800000000006e-05,0.0,42.1488053889307,13.207785707363945,43.07758271732933,0.0,0.0,0.0,,,,,,,,,,,,,,,,
/vols/lz/tmarley/GEM_ITO/run/im4/F/104.612keV_0.000_0.000_F_1.483cm_8260_im.npy,1.483,281960.01483154297,6.201551572852984,0.0,115.10518248969254,91.54185885147632,0.0,1.9750400000000003e-05,2.6875200000000003e-05,0.0,60.12701193737743,1.1827767222502867,60.128751931141856,0.0,0.0,0.0,,,,,,,,,,,,,,,,
/vols/lz/tmarley/GEM_ITO/run/im4/F/192.010keV_0.000_0.000_F_2.228cm_820_im.npy,2.228,581506.947265625,10.315692137132018,0.0,139.74436322531434,103.85274538111102,0.0,3.3171200000000005e-05,3.9806400000000006e-05,0.0,19.968652279752856,8.799436026275378,21.551587044322915,0.0,0.0,0.0,,,,,,,,,,,,,,,,
/vols/lz/tmarley/GEM_ITO/run/im4/F/137.142keV_0.000_0.000_F_2.466cm_7400_im.npy,2.466,410810.6827392578,8.85193719513569,0.0,161.4365370301823,74.10537845434764,0.0,1.93728e-05,4.41168e-05,0.0,25.008395734269595,49.60275733647966,51.65805796051461,0.0,0.0,0.0,,,,,,,,,,,,,,,,
/vols/lz/tmarley/GEM_ITO/run/im4/F/314.527keV_0.000_0.000_F_1.034cm_8836_im.npy,1.034,944921.4756469728,12.3332946310279,0.0,219.4075713809532,179.0948407335714,0.0,3.626880000000001e-05,3.95584e-05,0.0,3.895697800719351,7.43163830456665,8.370709211732919,0.0,0.0,0.0,,,,,,,,,,,,,,,,
/vols/lz/tmarley/GEM_ITO/run/im4/F/141.651keV_0.000_0.000_F_1.655cm_5270_im.npy,1.655,309609.3443603516,6.707512690795931,0.0,154.57697303159532,89.1384936799194,0.0,1.5449600000000002e-05,2.772320000000001e-05,0.0,53.36494683945971,3.64701322213998,53.39572354737221,0.0,0.0,0.0,,,,,,,,,,,,,,,,
/vols/lz/tmarley/GEM_ITO/run/im4/F/1.331keV_0.000_0.000_F_1.258cm_8354_im.npy,1.258,504.380615234375,0.0120157099553768,14656.02,2.28156596851696,0.0117054763945035,0.123864144,4.9344000000000006e-06,0.0023058496,2.895820800000001e-07,87.67281462097793,89.34268403595946,89.3674068781306,1150.3333333333337,1218.0,0.0,,,,,,,,,,,,,,,,
/vols/lz/tmarley/GEM_ITO/run/im4/F/122.914keV_0.000_0.000_F_1.799cm_2618_im.npy,1.799,349387.0732421875,7.696914667703058,0.0,134.51027769633646,117.97479042152862,0.0,1.9654400000000003e-05,2.5320000000000005e-05,0.0,72.92080224503204,55.51080601357075,74.3326706092161,0.0,0.0,0.0,,,,,,,,,,,,,,,,
/vols/lz/tmarley/GEM_ITO/run/im0/C/62.440keV_0.000_0.000_C_1.328cm_7091_im.npy,1.328,177148.29180908203,3.773653583032476,0.0,109.18240484689872,48.06670167460159,0.0,1.1955200000000002e-05,2.9089600000000004e-05,0.0,12.191895525348228,16.138480359645616,19.85601337651396,0.0,0.0,0.0,,,,,,,,,,,,,,,,
/vols/lz/tmarley/GEM_ITO/run/im0/C/114.400keV_0.000_0.000_C_1.460cm_404_im.npy,1.46,354670.0807495117,7.526007562254476,0.0,147.88606411117252,62.45291885508622,0.0,1.9084800000000004e-05,4.322240000000001e-05,0.0,12.169142228099338,28.01075417757841,29.85572464822184,0.0,0.0,0.0,,,,,,,,,,,,,,,,
/vols/lz/tmarley/GEM_ITO/run/im0/C/259.304keV_0.000_0.000_C_1.703cm_6696_im.npy,1.703,797634.953125,12.9015479742265,0.0,201.61350451176747,142.03457520069807,0.0,3.52192e-05,4.172960000000001e-05,0.0,35.02098821871328,12.826710488549775,36.38333486749296,0.0,0.0,0.0,,,,,,,,,,,,,,,,
/vols/lz/tmarley/GEM_ITO/run/im0/F/139.570keV_0.000_0.000_F_0.988cm_312_im.npy,0.988,387496.00549316406,8.462665634185152,0.0,149.01828363322835,111.94896720915796,0.0,2.0896000000000005e-05,3.059520000000001e-05,0.0,55.750884603948975,19.837104480406108,56.5273090953464,0.0,0.0,0.0,,,,,,,,,,,,,,,,
/vols/lz/tmarley/GEM_ITO/run/im0/F/259.032keV_0.000_0.000_F_0.791cm_5083_im.npy,0.791,845146.0305786133,18.42202938497,0.0,282.68333306096395,141.8736580011989,0.0,2.3372800000000004e-05,4.974080000000001e-05,0.0,64.05826167660737,69.98977634067747,73.74678192628325,0.0,0.0,0.0,,,,,,,,,,,,,,,,
/vols/lz/tmarley/GEM_ITO/run/im0/F/6.316keV_0.000_0.000_F_0.646cm_2994_im.npy,0.646,5516.648315429688,0.0966089406693652,0.0,10.91501597412751,1.8821862572999333,0.0,3.1936000000000006e-06,1.6318400000000003e-05,0.0,62.41312933349355,69.11063865275347,72.87124115508078,0.0,0.0,0.0,,,,,,,,,,,,,,,,
/vols/lz/tmarley/GEM_ITO/run/im0/F/1.040keV_0.000_0.000_F_0.887cm_7_im.npy,0.887,1000.565673828125,0.0173295149963866,38609.945,2.795261348786106,0.0234525804147486,0.18127157,8.211200000000002e-06,0.0022518128,4.619991040000001e-07,58.73470675485972,88.95016594411038,88.95064364392269,992.4444444444443,1218.0,0.0,,,,,,,,,,,,,,,,
/vols/lz/tmarley/GEM_ITO/run/im0/F/117.605keV_0.000_0.000_F_2.348cm_7205_im.npy,2.348,254835.34442138672,5.55556449893843,0.0,106.4686310970166,67.5510907788105,0.0,1.7657600000000002e-05,3.1409600000000005e-05,0.0,29.68196798313589,11.355995559509235,31.14546486846887,0.0,0.0,0.0,,,,,,,,,,,,,,,,
/vols/lz/tmarley/GEM_ITO/run/im0/F/249.574keV_0.000_0.000_F_2.489cm_5098_im.npy,2.489,770870.7232666016,16.811388464205667,0.0,148.8084748772309,203.3726891899625,0.0,4.306560000000001e-05,3.42176e-05,0.0,62.159485670847616,16.514312268808798,62.44507861550754,0.0,0.0,0.0,,,,,,,,,,,,,,,,
/vols/lz/tmarley/GEM_ITO/run/im0/F/3.716keV_0.000_0.000_F_1.061cm_1245_im.npy,1.061,3274.095947265625,0.0574769478526081,2318.752,5.13799048129767,1.546059940206683,1.3908093,5.196800000000001e-06,1.59776e-05,2.658816000000001e-09,28.078556681012188,68.12754433800222,68.56807662633983,54.51063829787233,199.08,0.0,,,,,,,,,,,,,,,,
/vols/lz/tmarley/GEM_ITO/run/im0/F/4.505keV_0.000_0.000_F_0.659cm_7652_im.npy,0.659,3711.954833984375,0.0765440415624281,0.0,6.015122368415021,1.630586005921921,0.0,4.5952000000000005e-06,1.5544000000000002e-05,0.0,70.59425753898451,64.63365251740268,74.21113030558051,0.0,0.0,0.0,,,,,,,,,,,,,,,,
/vols/lz/tmarley/GEM_ITO/run/im0/F/4.944keV_0.000_0.000_F_1.416cm_6006_im.npy,1.416,1287.2279052734375,0.068640651808888,15214.795,4.156954883973925,2.156559315535783,1.7468992,1.2729600000000004e-05,1.6043200000000003e-05,1.2414976000000005e-08,50.13712035189616,66.3519402983212,68.80363306057295,166.47963800904978,179.81909547738692,0.0,,,,,,,,,,,,,,,,
/vols/lz/tmarley/GEM_ITO/run/im0/F/91.238keV_0.000_0.000_F_1.668cm_7113_im.npy,1.668,231152.8461303711,5.0979829021249605,0.0,118.51664791670954,64.94739642069113,0.0,1.5545600000000002e-05,3.0640000000000005e-05,0.0,32.56226669155116,28.48891285534663,39.96489079063692,0.0,0.0,0.0,,,,,,,,,,,,,,,,
/vols/lz/tmarley/GEM_ITO/run/im0/F/162.089keV_0.000_0.000_F_0.676cm_2411_im.npy,0.676,428048.60760498047,9.21233788501918,0.0,185.2931010405821,76.76789727346376,0.0,1.92448e-05,4.221280000000001e-05,0.0,25.03217071534894,23.152080742302285,32.34166252112313,0.0,0.0,0.0,,,,,,,,,,,,,,,,
/vols/lz/tmarley/GEM_ITO/run/im0/F/155.098keV_0.000_0.000_F_2.050cm_7263_im.npy,2.05,407208.6526489258,8.736877965993544,0.0,176.90104833456633,101.0671253148336,0.0,1.9046400000000005e-05,3.55344e-05,0.0,26.109427051021523,34.905940407950794,40.45372283823826,0.0,0.0,0.0,,,,,,,,,,,,,,,,
/vols/lz/tmarley/GEM_ITO/run/im0/F/77.296keV_0.000_0.000_F_1.541cm_3846_im.npy,1.541,174383.4931640625,3.8015102674901446,0.0,100.07232276957043,45.80583786908488,0.0,1.2608000000000002e-05,2.9953600000000004e-05,0.0,3.8709670078523497,13.251347225413898,13.76747518454982,0.0,0.0,0.0,,,,,,,,,,,,,,,,
/vols/lz/tmarley/GEM_ITO/run/im0/F/86.584keV_0.000_0.000_F_2.446cm_9097_im.npy,2.446,209397.6923828125,4.551120632868335,0.0,93.5349946742192,54.08531543668799,0.0,1.6384000000000004e-05,3.1057600000000006e-05,0.0,23.715473536927696,8.02591571991293,24.76699343982397,0.0,0.0,0.0,,,,,,,,,,,,,,,,
/vols/lz/tmarley/GEM_ITO/run/im0/F/91.778keV_0.000_0.000_F_2.364cm_139_im.npy,2.364,216658.00384521484,4.679001293300464,0.0,104.53267361249377,53.169180702193856,0.0,1.4630400000000005e-05,3.0726400000000005e-05,0.0,17.286900181312706,12.198121955061769,20.75303229028647,0.0,0.0,0.0,,,,,,,,,,,,,,,,
/vols/lz/tmarley/GEM_ITO/run/im0/F/137.330keV_0.000_0.000_F_0.860cm_9713_im.npy,0.86,361428.0515136719,7.819912818206255,0.0,192.79116499351068,91.05657113671676,0.0,1.4406400000000003e-05,3.608000000000001e-05,0.0,19.47705749377876,31.184887953919567,35.03103227025713,0.0,0.0,0.0,,,,,,,,,,,,,,,,
/vols/lz/tmarley/GEM_ITO/run/im0/F/1.073keV_0.000_0.000_F_1.188cm_2266_im.npy,1.188,-71.19775390625,0.0221446639669666,24684.967,1.961183618634482,0.0144301648276042,0.121399365,9.971200000000002e-06,0.0022383072,6.059883520000002e-07,61.95913738340104,87.2868889294142,87.29754801499898,1218.0,1218.0,0.0,,,,,,,,,,,,,,,,
/vols/lz/tmarley/GEM_ITO/run/im0/F/120.871keV_0.000_0.000_F_1.174cm_7594_im.npy,1.174,312956.4000854492,6.739480105390372,0.0,132.82258529498688,85.13127595760285,0.0,1.9110400000000003e-05,3.0416000000000005e-05,0.0,54.09029306758914,24.150099735835763,55.44311808209939,0.0,0.0,0.0,,,,,,,,,,,,,,,,
/vols/lz/tmarley/GEM_ITO/run/im0/F/164.674keV_0.000_0.000_F_2.021cm_8212_im.npy,2.021,424418.8225097656,9.295273564710165,0.0,143.3178457956774,96.825531173443,0.0,2.3673600000000003e-05,3.796000000000001e-05,0.0,40.6197328982854,26.776961194756723,44.86044704087313,0.0,0.0,0.0,,,,,,,,,,,,,,,,
/vols/lz/tmarley/GEM_ITO/run/im0/F/161.966keV_0.000_0.000_F_1.314cm_3972_im.npy,1.314,444710.85760498047,9.65646566642318,0.0,152.44675572904947,97.03662170708714,0.0,2.4006400000000004e-05,3.545920000000001e-05,0.0,50.85642875975574,16.109645158657337,51.60872639512885,0.0,0.0,0.0,,,,,,,,,,,,,,,,
/vols/lz/tmarley/GEM_ITO/run/im0/F/172.908keV_0.000_0.000_F_1.596cm_2507_im.npy,1.596,513447.85333251953,10.436140458931783,0.0,156.1630160474354,92.10230663699146,0.0,2.4870400000000005e-05,4.903200000000001e-05,0.0,14.114049314028271,25.9790386526363,28.737262522280343,0.0,0.0,0.0,,,,,,,,,,,,,,,,
/vols/lz/tmarley/GEM_ITO/run/im0/F/79.799keV_0.000_0.000_F_0.513cm_5073_im.npy,0.513,207237.97161865237,4.554716270558746,0.0,158.63471643865554,61.63715585387517,0.0,1.12448e-05,2.7296000000000004e-05,0.0,40.55331095328359,14.272528112024732,41.75540367348496,0.0,0.0,0.0,,,,,,,,,,,,,,,,
/vols/lz/tmarley/GEM_ITO/run/im0/F/93.881keV_0.000_0.000_F_2.094cm_9631_im.npy,2.094,232784.03063964844,5.070185290010903,0.0,150.52963205904388,66.41728636994108,0.0,1.2096000000000002e-05,2.8244800000000004e-05,0.0,21.07153713136561,37.47499035109389,40.62992478035266,0.0,0.0,0.0,,,,,,,,,,,,,,,,
/vols/lz/tmarley/GEM_ITO/run/im0/F/139.087keV_0.000_0.000_F_0.508cm_2520_im.npy,0.508,394867.66833496094,8.5754975518716,0.0,184.9151245450331,78.70360638213282,0.0,1.7625600000000003e-05,3.8928e-05,0.0,26.547431520316085,10.247354008443272,27.9824722998499,0.0,0.0,0.0,,,,,,,,,,,,,,,,
/vols/lz/tmarley/GEM_ITO/run/im0/F/97.225keV_0.000_0.000_F_1.156cm_5634_im.npy,1.156,208877.84130859372,4.526222501463551,0.0,143.35284099021794,65.83314891035752,0.0,1.1385600000000002e-05,2.6193600000000003e-05,0.0,47.99554950756235,21.85997250955317,49.73661882527114,0.0,0.0,0.0,,,,,,,,,,,,,,,,
/vols/lz/tmarley/GEM_ITO/run/im0/C/457.146keV_0.000_0.000_C_2.422cm_2254_im.npy,2.422,1612783.656616211,34.86033587052363,0.0,316.1384875805164,208.3287733148319,0.0,4.6784000000000005e-05,7.519520000000001e-05,0.0,81.30651371988868,82.29042382936024,84.21235041486648,0.0,0.0,0.0,,,,,,,,,,,,,,,,
/vols/lz/tmarley/GEM_ITO/run/im0/C/1.101keV_0.000_0.000_C_1.826cm_5878_im.npy,1.826,-477.9163818359375,0.0267129823067065,68482.836,2.869371758598573,0.0341748452914634,0.20309176,2.1388800000000004e-05,0.0022447968,1.0964812800000005e-06,69.64129479266617,85.6096816170684,85.70039311571341,1025.6842105263158,1210.1587982832618,0.0,,,,,,,,,,,,,,,,
/vols/lz/tmarley/GEM_ITO/run/im0/C/358.304keV_0.000_0.000_C_2.359cm_5715_im.npy,2.359,1270239.4145507812,27.40007658961386,0.0,391.5447327649953,130.18936294985252,0.0,2.6521600000000004e-05,7.342880000000002e-05,0.0,75.06517995741567,85.81141222401085,85.96038959936084,0.0,0.0,0.0,,,,,,,,,,,,,,,,
/vols/lz/tmarley/GEM_ITO/run/im0/C/329.646keV_0.000_0.000_C_1.402cm_7899_im.npy,1.402,1188760.516540527,25.74422969128128,0.0,204.0459158121723,449.3578507536812,0.0,5.253760000000001e-05,2.3401600000000003e-05,0.0,89.09476490669606,84.06127987644412,89.1050288562111,0.0,0.0,0.0,,,,,,,,,,,,,,,,
/vols/lz/tmarley/GEM_ITO/run/im0/C/140.986keV_0.000_0.000_C_2.470cm_8906_im.npy,2.47,418916.1835327149,9.008697601295102,0.0,140.2056064430364,102.22601709949136,0.0,2.3756800000000003e-05,3.5059200000000005e-05,0.0,55.25147367849166,46.17730092988143,60.65512753137875,0.0,0.0,0.0,,,,,,,,,,,,,,,,
/vols/lz/tmarley/GEM_ITO/run/im0/C/130.214keV_0.000_0.000_C_2.288cm_5500_im.npy,2.288,375699.1622314453,8.193441733388482,0.0,120.54142093504883,136.31691122440918,0.0,2.5664000000000004e-05,2.5113600000000003e-05,0.0,76.42641776610498,14.76590052822865,76.45280783089227,0.0,0.0,0.0,,,,,,,,,,,,,,,,
/vols/lz/tmarley/GEM_ITO/run/im0/C/184.337keV_0.000_0.000_C_1.808cm_7910_im.npy,1.808,550446.4571533203,12.087458754826262,0.0,173.03499659918708,129.36874827136606,0.0,2.9062400000000005e-05,3.86464e-05,0.0,49.80223665020397,18.3881432663033,50.871197744934136,0.0,0.0,0.0,,,,,,,,,,,,,,,,
/vols/lz/tmarley/GEM_ITO/run/im0/C/66.277keV_0.000_0.000_C_0.917cm_4246_im.npy,0.917,207517.4470214844,4.507274546994634,0.0,172.7583222079188,60.50339838996174,0.0,9.222400000000002e-06,2.993600000000001e-05,0.0,5.892909065770412,50.94023021905385,51.03819223556805,0.0,0.0,0.0,,,,,,,,,,,,,,,,
/vols/lz/tmarley/GEM_ITO/run/im0/F/3.401keV_0.000_0.000_F_1.282cm_222_im.npy,1.282,2565.005249023437,0.0581882202421958,0.0,5.496278826107777,1.9008676017839647,0.0,6.796800000000001e-06,1.6035200000000002e-05,0.0,55.12339353702341,69.11277837607781,71.49339503661518,0.0,0.0,0.0,,,,,,,,,,,,,,,,
/vols/lz/tmarley/GEM_ITO/run/im0/F/200.967keV_0.000_0.000_F_2.497cm_3337_im.npy,2.497,603960.7926635742,12.786916228185891,0.0,188.4056865134367,98.90965979251725,0.0,2.7283200000000003e-05,4.8635200000000005e-05,0.0,32.658590576780846,40.15903051835763,46.65952095544035,0.0,0.0,0.0,,,,,,,,,,,,,,,,
/vols/lz/tmarley/GEM_ITO/run/im0/F/1.782keV_0.000_0.000_F_0.751cm_6709_im.npy,0.751,1362.9066162109375,0.028650007259292,0.0,4.458734746666903,0.8395028356795103,0.0,3.3088000000000004e-06,1.4598400000000002e-05,0.0,45.95004921345758,66.71943777037532,68.53854955042875,0.0,0.0,0.0,,,,,,,,,,,,,,,,
/vols/lz/tmarley/GEM_ITO/run/im0/F/1.030keV_0.000_0.000_F_0.822cm_4784_im.npy,0.822,777.633056640625,0.0188749147846085,51586.215,2.861945944331996,0.0241310925216246,0.19114877,1.2409600000000002e-05,0.0022550128,7.553136640000002e-07,20.174673897099623,89.22351518409367,89.22352481033421,609.0,1218.0,0.0,,,,,,,,,,,,,,,,
/vols/lz/tmarley/GEM_ITO/run/im0/F/239.546keV_0.000_0.000_F_0.998cm_6906_im.npy,0.998,683480.8575439453,11.36249794511128,0.0,180.81519992764905,117.51534611625942,0.0,2.9107200000000005e-05,4.357440000000001e-05,0.0,5.172600638587305,17.787629151862237,18.435988924867328,0.0,0.0,0.0,,,,,,,,,,,,,,,,
/vols/lz/tmarley/GEM_ITO/run/im0/F/282.408keV_0.000_0.000_F_1.104cm_1564_im.npy,1.104,880674.7341918945,13.353926912945274,0.0,207.77187062023205,147.15711713011714,0.0,3.81952e-05,4.9902400000000005e-05,0.0,21.329655993302616,32.784019878166966,36.98656167258242,0.0,0.0,0.0,,,,,,,,,,,,,,,,
/vols/lz/tmarley/GEM_ITO/run/im0/F/142.410keV_0.000_0.000_F_0.996cm_9469_im.npy,0.996,408991.5435180664,8.821645997013924,0.0,157.32308396558892,101.37662055852734,0.0,1.95968e-05,3.4428800000000005e-05,0.0,33.23916921926836,4.824420907552515,33.455572745530105,0.0,0.0,0.0,,,,,,,,,,,,,,,,
/vols/lz/tmarley/GEM_ITO/run/im0/F/3.836keV_0.000_0.000_F_0.575cm_7763_im.npy,0.575,5055.237915039063,0.0822486301001872,0.0,8.874914837642258,2.310842187066042,0.0,5.011200000000001e-06,1.5654400000000004e-05,0.0,60.84025856411329,63.74087546043173,69.71618658551328,0.0,0.0,0.0,,,,,,,,,,,,,,,,
/vols/lz/tmarley/GEM_ITO/run/im0/F/3.140keV_0.000_0.000_F_1.480cm_3085_im.npy,1.48,1589.7553100585938,0.0457708146767245,0.0,5.41055088731987,1.3426362230231144,0.0,3.9168e-06,1.4518400000000003e-05,0.0,40.05780370114847,68.93579136667194,69.8763766899485,0.0,0.0,0.0,,,,,,,,,,,,,,,,
/vols/lz/tmarley/GEM_ITO/run/im0/F/227.337keV_0.000_0.000_F_1.530cm_2219_im.npy,1.53,658759.6234130859,12.72097706140536,0.0,195.7336009909501,112.58552249914678,0.0,2.8947200000000006e-05,4.6080000000000006e-05,0.0,27.12525938524185,28.651371675594586,36.83234756259869,0.0,0.0,0.0,,,,,,,,,,,,,,,,
/vols/lz/tmarley/GEM_ITO/run/im0/F/207.945keV_0.000_0.000_F_1.074cm_3883_im.npy,1.074,596721.2549438477,11.81505206616662,0.0,211.4366233388325,98.871914647424,0.0,2.5235200000000005e-05,4.520640000000001e-05,0.0,27.742627162105165,31.703477341863163,39.05191591637481,0.0,0.0,0.0,,,,,,,,,,,,,,,,
/vols/lz/tmarley/GEM_ITO/run/im0/F/168.803keV_0.000_0.000_F_1.028cm_2159_im.npy,1.028,418771.25701904297,9.192784443027026,0.0,189.9833683214017,111.79293869982256,0.0,1.89248e-05,3.270240000000001e-05,0.0,44.73503385296512,12.267342060865976,45.40878982570533,0.0,0.0,0.0,,,,,,,,,,,,,,,,
/vols/lz/tmarley/GEM_ITO/run/im0/F/156.953keV_0.000_0.000_F_2.073cm_6334_im.npy,2.073,398644.4838867188,8.768953251985987,0.0,130.41280841763373,150.84287085357428,0.0,2.2553600000000004e-05,2.42032e-05,0.0,85.27846137456372,86.30774048009148,87.08897351179016,0.0,0.0,0.0,,,,,,,,,,,,,,,,
/vols/lz/tmarley/GEM_ITO/run/im0/F/116.625keV_0.000_0.000_F_1.185cm_6009_im.npy,1.185,264979.6202392578,5.794976303574721,0.0,186.4750570489585,81.54409302702912,0.0,1.1584e-05,2.7012800000000003e-05,0.0,40.2048426498883,30.578802162495503,45.88228990911458,0.0,0.0,0.0,,,,,,,,,,,,,,,,
/vols/lz/tmarley/GEM_ITO/run/im0/F/85.073keV_0.000_0.000_F_0.950cm_3608_im.npy,0.95,189135.84356689453,4.196177778295444,0.0,124.776603857502,51.38101455592827,0.0,1.1692800000000004e-05,2.9176000000000003e-05,0.0,16.620876609440323,12.050689578133795,20.152681022802177,0.0,0.0,0.0,,,,,,,,,,,,,,,,
/vols/lz/tmarley/GEM_ITO/run/im0/F/1.249keV_0.000_0.000_F_1.778cm_3787_im.npy,1.778,1624.5971069335938,0.0156309341968283,28912.027,4.277450819782033,0.0201631219486288,0.21615516,5.465600000000001e-06,0.0023119264,3.511720960000001e-07,82.96804634184356,89.64635324160602,89.64679515370483,1218.0,1218.0,0.0,,,,,,,,,,,,,,,,
/vols/lz/tmarley/GEM_ITO/run/im0/F/4.033keV_0.000_0.000_F_2.010cm_6308_im.npy,2.01,3574.8949584960938,0.0594506601027445,0.0,6.253023875234122,1.3456558711961937,0.0,3.9296000000000005e-06,1.6654400000000004e-05,0.0,77.25289125253067,67.9814867402781,78.83162011172467,0.0,0.0,0.0,,,,,,,,,,,,,,,,
/vols/lz/tmarley/GEM_ITO/run/im0/F/369.623keV_0.000_0.000_F_1.699cm_7447_im.npy,1.699,1090060.492553711,23.76388129639876,0.0,470.6152995514876,146.18394823037758,0.0,2.4025600000000003e-05,6.593920000000001e-05,0.0,46.40228994928171,57.4567495853267,62.07184280786053,0.0,0.0,0.0,,,,,,,,,,,,,,,,
/vols/lz/tmarley/GEM_ITO/run/im0/F/127.890keV_0.000_0.000_F_2.462cm_3723_im.npy,2.462,330921.75885009766,7.309877031536108,0.0,136.4598271496419,111.9354262126747,0.0,2.0262400000000004e-05,2.6576000000000004e-05,0.0,68.71924604732948,39.20221851001092,69.63436182968428,0.0,0.0,0.0,,,,,,,,,,,,,,,,
/vols/lz/tmarley/GEM_ITO/run/im0/F/167.794keV_0.000_0.000_F_1.614cm_4235_im.npy,1.614,475749.1802978516,10.436194049994445,0.0,161.70445668879282,87.71500322299985,0.0,2.3500800000000004e-05,4.448640000000001e-05,0.0,38.56156099390828,32.96403639499394,45.78156891024654,0.0,0.0,0.0,,,,,,,,,,,,,,,,
/vols/lz/tmarley/GEM_ITO/run/im0/F/4.140keV_0.000_0.000_F_2.234cm_4828_im.npy,2.234,1454.5493774414062,0.0543400875045067,2978.3403,4.531829571209954,1.3377345695105538,1.1868532,8.121600000000002e-06,1.6684800000000003e-05,3.921408000000001e-09,69.31849682986588,74.43865093092374,77.36873639769945,182.26415094339623,152.61971830985917,0.0,,,,,,,,,,,,,,,,
/vols/lz/tmarley/GEM_ITO/run/im0/F/2.075keV_0.000_0.000_F_2.477cm_386_im.npy,2.477,1455.9811401367188,0.0318993917716997,90043.96,2.567015440233731,0.0584636585085399,0.22259074,1.67936e-05,0.002210448,1.0048906240000002e-06,64.17554531491771,82.84378764863463,83.07084081863248,1107.2727272727273,1181.641791044776,0.0,,,,,,,,,,,,,,,,
/vols/lz/tmarley/GEM_ITO/run/im0/F/154.543keV_0.000_0.000_F_1.304cm_9639_im.npy,1.304,395740.20513916016,8.6193555876133,0.0,175.75179835827305,84.52973190943351,0.0,1.67488e-05,3.9222400000000006e-05,0.0,3.3024093674976065,22.76026693813417,22.952410638277662,0.0,0.0,0.0,,,,,,,,,,,,,,,,
/vols/lz/tmarley/GEM_ITO/run/im0/F/142.299keV_0.000_0.000_F_1.720cm_2346_im.npy,1.72,376651.645690918,8.222755171319555,0.0,167.3696652883937,90.33709550856337,0.0,1.8252800000000003e-05,3.6064000000000006e-05,0.0,38.554750571334935,44.13064004708939,51.46308676724583,0.0,0.0,0.0,,,,,,,,,,,,,,,,
/vols/lz/tmarley/GEM_ITO/run/im0/C/128.183keV_0.000_0.000_C_2.120cm_2396_im.npy,2.12,367010.274230957,8.005265761048445,0.0,141.09221838768997,74.01210275947957,0.0,2.1728000000000003e-05,4.3323200000000006e-05,0.0,13.30017458958985,29.86227941366665,31.83657641224748,0.0,0.0,0.0,,,,,,,,,,,,,,,,
/vols/lz/tmarley/GEM_ITO/run/im0/C/110.468keV_0.000_0.000_C_1.905cm_2779_im.npy,1.905,297633.5053710937,6.448199193749202,0.0,152.34076924028713,76.37873083600543,0.0,1.5168000000000005e-05,2.9867200000000004e-05,0.0,27.344008900551344,13.203255722545316,29.58975673558499,0.0,0.0,0.0,,,,,,,,,,,,,,,,
/vols/lz/tmarley/GEM_ITO/run/im0/C/237.003keV_0.000_0.000_C_1.329cm_861_im.npy,1.329,689287.5659790039,14.957134529357004,0.0,197.77037164721276,210.3076179885855,0.0,3.0131200000000004e-05,2.799200000000001e-05,0.0,76.49809954974174,73.95314887728908,79.55603844151801,0.0,0.0,0.0,,,,,,,,,,,,,,,,
/vols/lz/tmarley/GEM_ITO/run/im0/F/136.068keV_0.000_0.000_F_0.809cm_948_im.npy,0.809,366819.42401123047,7.952051159905329,0.0,166.97649096168408,124.71123822235135,0.0,1.7228800000000004e-05,2.6651200000000003e-05,0.0,65.96133954551955,58.59738641179708,70.19367629196462,0.0,0.0,0.0,,,,,,,,,,,,,,,,
/vols/lz/tmarley/GEM_ITO/run/im1/C/166.780keV_0.000_0.000_C_1.732cm_3388_im.npy,1.732,521543.4029541016,9.800953245070222,0.0,150.9459088689117,96.74877488483506,0.0,2.605440000000001e-05,3.968960000000001e-05,0.0,87.09165980956384,9.248347134841646,87.09175914656132,0.0,0.0,0.0,,,,,,,,,,,,,,,,
/vols/lz/tmarley/GEM_ITO/run/im1/C/130.955keV_0.000_0.000_C_1.327cm_9568_im.npy,1.327,417240.3787841797,8.963831535799036,0.0,167.876924848839,95.87702237144848,0.0,1.9001600000000005e-05,3.616640000000001e-05,0.0,32.446521022307266,60.74861658096564,62.18337653222957,0.0,0.0,0.0,,,,,,,,,,,,,,,,
/vols/lz/tmarley/GEM_ITO/run/im1/C/179.221keV_0.000_0.000_C_1.459cm_1142_im.npy,1.459,537631.1508178711,9.503489488966654,0.0,146.8462225172074,86.06784212074557,0.0,2.9337600000000005e-05,4.23152e-05,0.0,83.84474336805735,6.170332211136954,83.84515847690766,0.0,0.0,0.0,,,,,,,,,,,,,,,,
/vols/lz/tmarley/GEM_ITO/run/im1/C/211.566keV_0.000_0.000_C_1.295cm_8577_im.npy,1.295,737821.9761962891,14.262968838783776,0.0,170.12210199403648,133.31806106100194,0.0,3.6518400000000006e-05,4.00064e-05,0.0,42.82525910965644,8.234973742364463,43.169486848768095,0.0,0.0,0.0,,,,,,,,,,,,,,,,
/vols/lz/tmarley/GEM_ITO/run/im1/C/63.894keV_0.000_0.000_C_2.151cm_279_im.npy,2.151,191898.79553222656,4.286539247885424,0.0,93.8880876641202,54.83320013019043,0.0,1.5040000000000002e-05,2.8926400000000005e-05,0.0,51.18824341405372,26.474490078681765,53.25219291297396,0.0,0.0,0.0,,,,,,,,,,,,,,,,
/vols/lz/tmarley/GEM_ITO/run/im1/C/168.865keV_0.000_0.000_C_1.610cm_3698_im.npy,1.61,491827.8790283203,9.993538137203458,0.0,152.2367651265103,83.88002934764012,0.0,2.5305600000000004e-05,4.204160000000001e-05,0.0,68.04588952942339,19.668306593556643,68.24923049672464,0.0,0.0,0.0,,,,,,,,,,,,,,,,
/vols/lz/tmarley/GEM_ITO/run/im1/C/147.839keV_0.000_0.000_C_0.848cm_5690_im.npy,0.848,456487.2767944336,9.964662614267128,0.0,160.4807782499957,192.3043664894228,0.0,2.2464000000000004e-05,2.25808e-05,0.0,4.172123974420224,80.50177186302112,80.50246630056431,0.0,0.0,0.0,,,,,,,,,,,,,,,,
/vols/lz/tmarley/GEM_ITO/run/im1/C/291.470keV_0.000_0.000_C_0.838cm_9075_im.npy,0.838,972103.458984375,20.93513482340081,0.0,213.1239515009906,338.7871373234537,0.0,4.0384000000000005e-05,2.7697600000000004e-05,0.0,12.29212062864885,20.576219198061672,23.4634535054176,0.0,0.0,0.0,,,,,,,,,,,,,,,,
/vols/lz/tmarley/GEM_ITO/run/im1/C/411.894keV_0.000_0.000_C_1.432cm_7961_im.npy,1.432,1360389.895690918,29.594753026026385,0.0,248.11538096587668,321.15338730128576,0.0,4.894080000000001e-05,3.5099200000000004e-05,0.0,16.114735053943907,29.47779790925244,32.408040812603524,0.0,0.0,0.0,,,,,,,,,,,,,,,,
/vols/lz/tmarley/GEM_ITO/run/im1/C/87.064keV_0.000_0.000_C_1.585cm_9807_im.npy,1.585,241934.8648071289,5.229430905531255,0.0,114.85755559091776,69.52826371639395,0.0,1.73376e-05,2.8188800000000004e-05,0.0,38.579029015171386,3.083983258196648,38.64261063248653,0.0,0.0,0.0,,,,,,,,,,,,,,,,
/vols/lz/tmarley/GEM_ITO/run/im1/C/141.098keV_0.000_0.000_C_0.763cm_6967_im.npy,0.763,474391.5346679688,10.406932665408483,0.0,194.39887467836888,138.9303428530344,0.0,2.0704000000000004e-05,3.0513600000000005e-05,0.0,17.85032896859308,62.2416943092622,62.57474979499217,0.0,0.0,0.0,,,,,,,,,,,,,,,,
/vols/lz/tmarley/GEM_ITO/run/im1/C/105.602keV_0.000_0.000_C_2.323cm_7643_im.npy,2.323,362290.68560791016,7.982904939248473,0.0,117.04988130128602,95.70080629545714,0.0,2.2956800000000004e-05,3.591040000000001e-05,0.0,49.45758962091274,37.13809126513277,54.32567745075301,0.0,0.0,0.0,,,,,,,,,,,,,,,,
/vols/lz/tmarley/GEM_ITO/run/im1/C/125.432keV_0.000_0.000_C_1.366cm_4950_im.npy,1.366,399450.4060668945,8.643376884833,0.0,149.2955877054388,88.04381970536183,0.0,2.1651200000000004e-05,4.0987200000000006e-05,0.0,58.69832990974881,29.172087561363742,60.06739099595477,0.0,0.0,0.0,,,,,,,,,,,,,,,,
/vols/lz/tmarley/GEM_ITO/run/im1/C/133.968keV_0.000_0.000_C_0.742cm_636_im.npy,0.742,412224.0267944336,8.353155810053247,0.0,160.5999995976737,76.85843227782574,0.0,2.1408e-05,4.1184e-05,0.0,80.95890212663471,4.267266135575614,80.9595287743649,0.0,0.0,0.0,,,,,,,,,,,,,,,,
/vols/lz/tmarley/GEM_ITO/run/im1/C/273.797keV_0.000_0.000_C_0.771cm_796_im.npy,0.771,876370.456237793,19.16432132835898,0.0,200.6378763899202,270.8412459480159,0.0,3.9232000000000007e-05,3.2464000000000006e-05,0.0,23.023960613118987,2.055560061593829,23.09734650895744,0.0,0.0,0.0,,,,,,,,,,,,,,,,
/vols/lz/tmarley/GEM_ITO/run/im1/C/109.900keV_0.000_0.000_C_2.470cm_8923_im.npy,2.47,439024.61364746094,9.246091854447236,0.0,128.6118658707548,72.50356269883576,0.0,2.7872000000000004e-05,4.549760000000001e-05,0.0,55.118948813254384,28.394735329930807,56.88218601544495,0.0,0.0,0.0,,,,,,,,,,,,,,,,
/vols/lz/tmarley/GEM_ITO/run/im1/C/95.434keV_0.000_0.000_C_1.708cm_6936_im.npy,1.708,268433.3448486328,5.814453023096934,0.0,112.6616717012104,73.75621890865592,0.0,1.82848e-05,2.925280000000001e-05,0.0,40.64778718072564,7.607819942601363,40.98669323722503,0.0,0.0,0.0,,,,,,,,,,,,,,,,
/vols/lz/tmarley/GEM_ITO/run/im1/C/188.578keV_0.000_0.000_C_1.743cm_2662_im.npy,1.743,584422.4533691406,12.829641222897184,0.0,141.11308558525923,117.87109909045664,0.0,3.311360000000001e-05,4.134400000000001e-05,0.0,33.19480108790515,22.15881106356716,37.61964969430623,0.0,0.0,0.0,,,,,,,,,,,,,,,,
/vols/lz/tmarley/GEM_ITO/run/im1/C/366.859keV_0.000_0.000_C_1.614cm_9421_im.npy,1.614,1265600.5116577148,18.829601795849,0.0,234.0456345871698,180.35182603998763,0.0,4.892800000000001e-05,5.809920000000001e-05,0.0,49.114723890445184,46.73277723709312,57.49398888387874,0.0,0.0,0.0,,,,,,,,,,,,,,,,
/vols/lz/tmarley/GEM_ITO/run/im1/C/212.163keV_0.000_0.000_C_2.134cm_658_im.npy,2.134,672347.1694335938,10.48606662455925,0.0,153.52445010611277,114.7243641710136,0.0,3.78304e-05,3.981920000000001e-05,0.0,70.07594525413565,4.326357236846731,70.0828432791537,0.0,0.0,0.0,,,,,,,,,,,,,,,,
/vols/lz/tmarley/GEM_ITO/run/im1/C/102.789keV_0.000_0.000_C_1.382cm_7863_im.npy,1.382,292788.3349609375,6.449889306879959,0.0,126.8982749326138,63.73340006968613,0.0,1.88288e-05,3.8236800000000006e-05,0.0,73.29083973865056,1.1992500002049151,73.29115126352984,0.0,0.0,0.0,,,,,,,,,,,,,,,,
/vols/lz/tmarley/GEM_ITO/run/im1/C/193.364keV_0.000_0.000_C_0.568cm_8864_im.npy,0.568,593287.6295776367,11.569344509767896,0.0,170.99467644545146,106.02646231624908,0.0,2.7923200000000004e-05,4.063840000000001e-05,0.0,49.68364883378348,14.290435438754209,50.32769482566169,0.0,0.0,0.0,,,,,,,,,,,,,,,,
/vols/lz/tmarley/GEM_ITO/run/im1/C/151.083keV_0.000_0.000_C_0.883cm_8148_im.npy,0.883,420069.40002441406,9.018274803520113,0.0,170.2676317223306,87.473187607079,0.0,2.0025600000000004e-05,4.036640000000001e-05,0.0,59.75656016917029,8.962229096202718,59.86139723725474,0.0,0.0,0.0,,,,,,,,,,,,,,,,
/vols/lz/tmarley/GEM_ITO/run/im1/C/88.081keV_0.000_0.000_C_2.059cm_9266_im.npy,2.059,240816.90283203125,5.123938830144498,0.0,130.6425016986112,61.19259577076623,0.0,1.5699200000000004e-05,3.038560000000001e-05,0.0,59.807571072970646,13.98028779378886,60.06549921039041,0.0,0.0,0.0,,,,,,,,,,,,,,,,
/vols/lz/tmarley/GEM_ITO/run/im1/C/1.348keV_0.000_0.000_C_1.721cm_7301_im.npy,1.721,-1132.6279907226562,0.0205150486006092,18499.498,1.5634815536411637,0.0113245304602487,0.09989447,1.1910400000000002e-05,0.0022384928,4.608179200000002e-07,52.22923204795903,88.12880108743977,88.13046089226941,1218.0,1218.0,0.0,,,,,,,,,,,,,,,,
/vols/lz/tmarley/GEM_ITO/run/im1/C/264.122keV_0.000_0.000_C_1.130cm_6752_im.npy,1.13,971471.0627441406,13.76435373582296,0.0,226.54652490300197,151.189242841893,0.0,3.50336e-05,4.893280000000001e-05,0.0,77.3796379003791,39.17268310178122,77.5781348029564,0.0,0.0,0.0,,,,,,,,,,,,,,,,
/vols/lz/tmarley/GEM_ITO/run/im1/C/311.049keV_0.000_0.000_C_2.277cm_7927_im.npy,2.277,998288.846862793,21.665743565114404,0.0,245.5328308408501,131.00772153585777,0.0,3.3542400000000006e-05,6.133760000000001e-05,0.0,29.633064127742443,65.3379623385121,66.04711117260885,0.0,0.0,0.0,,,,,,,,,,,,,,,,
/vols/lz/tmarley/GEM_ITO/run/im1/C/108.844keV_0.000_0.000_C_2.445cm_9281_im.npy,2.445,312228.90814208984,6.8112794525453655,0.0,116.92100304466604,70.21126265949036,0.0,2.0102400000000003e-05,3.6784000000000006e-05,0.0,63.15017838084008,23.336484319728157,63.68435205099736,0.0,0.0,0.0,,,,,,,,,,,,,,,,
/vols/lz/tmarley/GEM_ITO/run/im1/C/178.372keV_0.000_0.000_C_1.990cm_7970_im.npy,1.99,586269.6328735352,11.645635643970452,0.0,192.21606169493367,87.18716514345925,0.0,2.6892800000000004e-05,5.004960000000001e-05,0.0,68.6965642585653,40.66581544591596,69.70784702609969,0.0,0.0,0.0,,,,,,,,,,,,,,,,
/vols/lz/tmarley/GEM_ITO/run/im1/C/128.231keV_0.000_0.000_C_1.079cm_4395_im.npy,1.079,391506.9642333984,8.526942615788174,0.0,196.7338122899436,78.39676964439384,0.0,1.7241600000000004e-05,4.1886400000000006e-05,0.0,66.19129371040583,32.46750995022157,66.98371902458544,0.0,0.0,0.0,,,,,,,,,,,,,,,,
/vols/lz/tmarley/GEM_ITO/run/im1/C/91.962keV_0.000_0.000_C_0.582cm_3822_im.npy,0.582,216828.95251464844,4.708488695935217,0.0,144.2406141659326,56.708098001922615,0.0,1.1129600000000004e-05,3.010880000000001e-05,0.0,89.73612693958094,19.881764996460003,89.73612730555472,0.0,0.0,0.0,,,,,,,,,,,,,,,,
/vols/lz/tmarley/GEM_ITO/run/im1/C/214.488keV_0.000_0.000_C_0.731cm_2042_im.npy,0.731,740835.1753540039,16.208105105955212,0.0,351.265584016233,117.81103129529008,0.0,1.6844800000000002e-05,5.601120000000001e-05,0.0,40.90543593862683,70.17241546320615,71.00839690986723,0.0,0.0,0.0,,,,,,,,,,,,,,,,
/vols/lz/tmarley/GEM_ITO/run/im1/C/129.059keV_0.000_0.000_C_1.826cm_3394_im.npy,1.826,379767.4401245117,8.33844851702366,0.0,146.13109486563272,128.87243907878653,0.0,2.24896e-05,2.6219200000000005e-05,0.0,24.71479733007613,3.851205356128564,24.945890165249097,0.0,0.0,0.0,,,,,,,,,,,,,,,,
/vols/lz/tmarley/GEM_ITO/run/im1/C/62.101keV_0.000_0.000_C_2.337cm_2417_im.npy,2.337,189734.93670654297,4.189304476885213,0.0,90.13382485519352,54.226729672706014,0.0,1.7593600000000004e-05,2.9585600000000004e-05,0.0,47.22367065490928,22.995680588516493,49.26401131473439,0.0,0.0,0.0,,,,,,,,,,,,,,,,
/vols/lz/tmarley/GEM_ITO/run/im1/C/202.166keV_0.000_0.000_C_1.997cm_5713_im.npy,1.997,662376.4307861328,14.448782221147358,0.0,309.31309198374134,93.12206039591122,0.0,1.67488e-05,5.504320000000001e-05,0.0,70.33885283231756,63.63558254522073,73.83679802446132,0.0,0.0,0.0,,,,,,,,,,,,,,,,
/vols/lz/tmarley/GEM_ITO/run/im1/C/2.127keV_0.000_0.000_C_2.122cm_9046_im.npy,2.122,1503.6668701171875,0.0328589765597417,108474.01,3.0195504243525946,0.068375465395688,0.25560144,1.8169600000000003e-05,0.0022499104,1.1532241920000003e-06,54.480807004261365,82.48692857411497,82.61058261111168,1218.0,1189.4328358208954,0.0,,,,,,,,,,,,,,,,
/vols/lz/tmarley/GEM_ITO/run/im1/C/110.129keV_0.000_0.000_C_2.411cm_1834_im.npy,2.411,316663.2084350586,6.855584650358424,0.0,146.96062071293306,72.72626217387962,0.0,1.6396800000000002e-05,3.479840000000001e-05,0.0,84.9428353449944,34.444879611117145,84.95207666311896,0.0,0.0,0.0,,,,,,,,,,,,,,,,
/vols/lz/tmarley/GEM_ITO/run/im1/C/1.591keV_0.000_0.000_C_0.535cm_6166_im.npy,0.535,3412.1568603515625,0.0399777500255135,11030.072,4.566280438305832,1.7613922751513575,1.7448797,1.104e-05,1.5974400000000004e-05,8.518144000000002e-09,76.29849891512656,70.44889871894735,78.6353253435047,234.0,159.15789473684208,0.0,,,,,,,,,,,,,,,,
/vols/lz/tmarley/GEM_ITO/run/im1/C/157.951keV_0.000_0.000_C_1.052cm_3304_im.npy,1.052,462493.5274047852,9.951711893801304,0.0,160.53272297566204,104.69776371410178,0.0,2.2137600000000003e-05,3.439360000000001e-05,0.0,37.80484436231153,1.1584960190793896,37.81426835969084,0.0,0.0,0.0,,,,,,,,,,,,,,,,
/vols/lz/tmarley/GEM_ITO/run/im1/C/59.055keV_0.000_0.000_C_1.465cm_4273_im.npy,1.465,180464.27655029297,3.882391172375714,0.0,89.53855902119301,51.42633339768663,0.0,1.4476800000000002e-05,2.7710400000000005e-05,0.0,49.03724172748797,7.081737485597862,49.201188292788906,0.0,0.0,0.0,,,,,,,,,,,,,,,,
/vols/lz/tmarley/GEM_ITO/run/im1/C/145.388keV_0.000_0.000_C_0.867cm_2881_im.npy,0.867,452146.84521484375,9.939893064066352,0.0,155.9060823052355,113.83325112799,0.0,2.3852800000000003e-05,3.219840000000001e-05,0.0,30.753815557811283,6.022844553500329,31.14495829126544,0.0,0.0,0.0,,,,,,,,,,,,,,,,
/vols/lz/tmarley/GEM_ITO/run/im1/C/174.336keV_0.000_0.000_C_2.180cm_7361_im.npy,2.18,483800.1344604492,10.41776121560914,0.0,168.55748872176594,153.80900688518005,0.0,2.3603200000000005e-05,2.754400000000001e-05,0.0,23.673129468280944,16.51984270853909,27.892720403614003,0.0,0.0,0.0,,,,,,,,,,,,,,,,
/vols/lz/tmarley/GEM_ITO/run/im1/C/166.624keV_0.000_0.000_C_2.163cm_4071_im.npy,2.163,544702.8059692383,11.879439006112069,0.0,127.49886882663526,151.71162695051774,0.0,3.229440000000001e-05,3.159040000000001e-05,0.0,20.32302498126614,46.958853282601474,48.56965201998306,0.0,0.0,0.0,,,,,,,,,,,,,,,,
/vols/lz/tmarley/GEM_ITO/run/im1/C/1.834keV_0.000_0.000_C_0.849cm_7226_im.npy,0.849,2016.1870727539065,0.0249815021127294,459.455,3.8518047807066287,1.2290076337715234,0.97101676,5.1136000000000005e-06,1.3916800000000002e-05,9.425920000000002e-10,54.47035184403968,60.87754616024716,66.28693755108448,119.28,229.2631578947368,0.0,,,,,,,,,,,,,,,,
/vols/lz/tmarley/GEM_ITO/run/im1/C/83.449keV_0.000_0.000_C_2.159cm_6509_im.npy,2.159,201635.5316772461,4.384297552293086,0.0,106.45902315277786,50.37906420622876,0.0,1.5072000000000002e-05,3.14576e-05,0.0,83.15746649257116,5.394972911390222,83.15790164921769,0.0,0.0,0.0,,,,,,,,,,,,,,,,
/vols/lz/tmarley/GEM_ITO/run/im1/C/123.699keV_0.000_0.000_C_2.050cm_2188_im.npy,2.05,342278.1921386719,7.404755187892674,0.0,115.50134964133976,65.72498995549343,0.0,2.3040000000000003e-05,4.188160000000001e-05,0.0,85.33763958796422,5.791246132621069,85.33779836407656,0.0,0.0,0.0,,,,,,,,,,,,,,,,
/vols/lz/tmarley/GEM_ITO/run/im1/C/100.968keV_0.000_0.000_C_0.736cm_3133_im.npy,0.736,275579.85369873047,5.974423850907062,0.0,178.73732767189972,74.28511576509102,0.0,1.2051200000000002e-05,2.8550400000000004e-05,0.0,60.862655756449634,34.40456385291984,62.49005318929183,0.0,0.0,0.0,,,,,,,,,,,,,,,,
/vols/lz/tmarley/GEM_ITO/run/im1/C/575.064keV_0.000_0.000_C_1.273cm_4231_im.npy,1.273,1962469.8610229488,42.44455268249819,0.0,525.6670747730958,247.38592992861803,0.0,3.473920000000001e-05,8.227840000000002e-05,0.0,21.44813441464774,74.91826284131079,74.99829030121951,0.0,0.0,0.0,,,,,,,,,,,,,,,,
/vols/lz/tmarley/GEM_ITO/run/im1/C/142.003keV_0.000_0.000_C_2.342cm_4062_im.npy,2.342,481351.6741333008,10.454404871302064,0.0,199.3836419489399,96.51602739027082,0.0,2.1625600000000005e-05,4.0656000000000005e-05,0.0,26.48461307395139,66.71272426324171,67.1768466376691,0.0,0.0,0.0,,,,,,,,,,,,,,,,
/vols/lz/tmarley/GEM_ITO/run/im1/C/112.982keV_0.000_0.000_C_2.226cm_519_im.npy,2.226,258457.239440918,5.805155975543962,0.0,137.3261873587449,74.21325146033223,0.0,1.4976000000000002e-05,2.8513600000000004e-05,0.0,68.35141659606273,12.95686456556641,68.43287018718812,0.0,0.0,0.0,,,,,,,,,,,,,,,,
/vols/lz/tmarley/GEM_ITO/run/im1/C/140.237keV_0.000_0.000_C_0.796cm_5505_im.npy,0.796,519929.28283691406,9.98710409379648,0.0,179.2620301967806,89.17478644568287,0.0,2.3161600000000005e-05,4.3588800000000005e-05,0.0,74.1901143920776,26.764522164739127,74.34108905836015,0.0,0.0,0.0,,,,,,,,,,,,,,,,
/vols/lz/tmarley/GEM_ITO/run/im1/C/168.073keV_0.000_0.000_C_2.265cm_9242_im.npy,2.265,559314.2249145508,9.81183165025925,0.0,135.41334244433008,100.87080314858224,0.0,3.176960000000001e-05,4.1468800000000005e-05,0.0,78.51939881027813,11.700219705231024,78.52927161503301,0.0,0.0,0.0,,,,,,,,,,,,,,,,
/vols/lz/tmarley/GEM_ITO/run/im1/C/93.796keV_0.000_0.000_C_1.348cm_1782_im.npy,1.348,277716.9292602539,5.991444161278085,0.0,137.5747534452428,68.64097312241742,0.0,1.5833600000000004e-05,3.3393600000000005e-05,0.0,65.5874021462606,17.996965910982553,65.81847810397831,0.0,0.0,0.0,,,,,,,,,,,,,,,,
/vols/lz/tmarley/GEM_ITO/run/im1/C/98.923keV_0.000_0.000_C_2.454cm_2557_im.npy,2.454,284004.408203125,6.218447779225169,0.0,106.94540249968033,83.60682181641936,0.0,2.0403200000000005e-05,2.7689600000000003e-05,0.0,28.625412983665917,1.6746452643027825,28.65994485857554,0.0,0.0,0.0,,,,,,,,,,,,,,,,
/vols/lz/tmarley/GEM_ITO/run/im0/C/205.853keV_0.000_0.000_C_0.662cm_9603_im.npy,0.662,603343.8858032227,11.937633569161411,0.0,200.46383971328655,102.88694627113044,0.0,2.5945600000000004e-05,4.432960000000001e-05,0.0,36.726011199364216,23.776966079828444,40.90746319759473,0.0,0.0,0.0,,,,,,,,,,,,,,,,
/vols/lz/tmarley/GEM_ITO/run/im0/C/138.867keV_0.000_0.000_C_2.039cm_1731_im.npy,2.039,414081.0816040039,8.854528535882688,0.0,145.50239491202646,128.72227096490502,0.0,2.3808000000000003e-05,2.6585600000000005e-05,0.0,77.9105725639564,67.6058943951223,79.2394779063369,0.0,0.0,0.0,,,,,,,,,,,,,,,,
/vols/lz/tmarley/GEM_ITO/run/im0/C/112.430keV_0.000_0.000_C_0.508cm_3596_im.npy,0.508,317419.80938720703,6.839302990566218,0.0,159.89156722931833,122.15327263561022,0.0,1.69728e-05,2.4096000000000004e-05,0.0,69.11686037776563,28.84325475800041,69.52575528975919,0.0,0.0,0.0,,,,,,,,,,,,,,,,
/vols/lz/tmarley/GEM_ITO/run/im0/C/1.498keV_0.000_0.000_C_0.746cm_5030_im.npy,0.746,680.4545288085938,0.0190633520629921,28906.76,2.1070020320793064,0.0178621167730255,0.12899661,8.390400000000002e-06,0.0022533472,5.840691200000002e-07,60.163158728111526,88.36982861135044,88.37183062401184,1071.84,1218.0,0.0,,,,,,,,,,,,,,,,
/vols/lz/tmarley/GEM_ITO/run/im0/C/143.435keV_0.000_0.000_C_1.516cm_4903_im.npy,1.516,445556.295715332,8.723850792372113,0.0,133.14466502114794,74.80057020572625,0.0,2.6086400000000005e-05,4.239040000000001e-05,0.0,11.180269043556608,5.342174934347813,12.333714835477464,0.0,0.0,0.0,,,,,,,,,,,,,,,,
/vols/lz/tmarley/GEM_ITO/run/im1/C/101.406keV_0.000_0.000_C_1.015cm_1624_im.npy,1.015,289507.7942504883,6.3243943781669225,0.0,134.83624602267545,80.76409683439117,0.0,1.6000000000000003e-05,3.0451200000000004e-05,0.0,39.86902019762104,38.51978743320222,49.08384017306392,0.0,0.0,0.0,,,,,,,,,,,,,,,,
/vols/lz/tmarley/GEM_ITO/run/im1/C/2.142keV_0.000_0.000_C_0.679cm_3742_im.npy,0.679,1360.4415893554688,0.0529111266613736,0.0,6.190415881503985,0.9892644099282002,0.0,3.9168e-06,1.6097600000000003e-05,0.0,13.105619694349784,67.93444991367764,68.02274264294188,0.0,0.0,0.0,,,,,,,,,,,,,,,,
/vols/lz/tmarley/GEM_ITO/run/im1/C/248.677keV_0.000_0.000_C_1.164cm_8080_im.npy,1.164,828864.3244018555,17.560020073046434,0.0,207.7853215774628,134.9252511040246,0.0,3.1872e-05,5.087040000000001e-05,0.0,39.28925169869216,47.41727945512723,53.70185899469559,0.0,0.0,0.0,,,,,,,,,,,,,,,,
/vols/lz/tmarley/GEM_ITO/run/im1/C/191.733keV_0.000_0.000_C_2.360cm_9433_im.npy,2.36,552047.6671142578,11.484045391700642,0.0,146.80614405119672,104.12173847830262,0.0,3.1289600000000006e-05,4.358080000000001e-05,0.0,52.61344496291637,24.35101482878792,54.16280419583723,0.0,0.0,0.0,,,,,,,,,,,,,,,,
/vols/lz/tmarley/GEM_ITO/run/im1/C/130.939keV_0.000_0.000_C_2.137cm_8183_im.npy,2.137,411615.6302490234,8.88189364711622,0.0,143.03776370336217,93.22086806314482,0.0,2.1312e-05,4.1803200000000007e-05,0.0,72.55598427801564,27.16928591897077,72.7652540504652,0.0,0.0,0.0,,,,,,,,,,,,,,,,
/vols/lz/tmarley/GEM_ITO/run/im1/C/104.151keV_0.000_0.000_C_2.396cm_7801_im.npy,2.396,257287.3030395508,5.701903951499242,0.0,115.30154090207029,87.8994962641133,0.0,1.7696e-05,2.596000000000001e-05,0.0,28.97716522103881,18.705972939874165,32.9875652046869,0.0,0.0,0.0,,,,,,,,,,,,,,,,
/vols/lz/tmarley/GEM_ITO/run/im1/C/1.934keV_0.000_0.000_C_1.387cm_4684_im.npy,1.387,-1243.8427734375,0.0256947116558784,25681.639,2.553229851035668,0.0196368036878518,0.12254354,1.4521600000000002e-05,0.0022819472,5.471406080000002e-07,83.58145523343984,85.77781566552859,86.46811947006779,1037.5555555555557,1210.1755888650964,0.0,,,,,,,,,,,,,,,,
/vols/lz/tmarley/GEM_ITO/run/im1/C/452.896keV_0.000_0.000_C_0.622cm_3111_im.npy,0.622,1549306.715637207,33.69013574490109,0.0,347.8772365052448,244.34819341198644,0.0,4.460160000000001e-05,6.1736e-05,0.0,16.461729322442807,66.96716756460597,67.12825241679968,0.0,0.0,0.0,,,,,,,,,,,,,,,,
/vols/lz/tmarley/GEM_ITO/run/im1/C/75.376keV_0.000_0.000_C_2.236cm_3494_im.npy,2.236,212425.1116333008,4.650504209206369,0.0,98.4879940059889,53.26627988306977,0.0,1.6620800000000002e-05,3.1320000000000005e-05,0.0,68.43571953016229,7.001724810276,68.45875218803413,0.0,0.0,0.0,,,,,,,,,,,,,,,,
/vols/lz/tmarley/GEM_ITO/run/im1/C/121.095keV_0.000_0.000_C_0.803cm_4366_im.npy,0.803,351244.9566040039,7.563816509802775,0.0,173.17524827939695,123.76391401046055,0.0,1.67488e-05,2.7300800000000005e-05,0.0,38.6864171428108,41.032819249795175,49.78319939567026,0.0,0.0,0.0,,,,,,,,,,,,,,,,
/vols/lz/tmarley/GEM_ITO/run/im1/C/60.402keV_0.000_0.000_C_1.543cm_5118_im.npy,1.543,158007.60430908203,3.4641412633253275,0.0,112.49537547601756,45.9838039507203,0.0,1.13792e-05,2.7844800000000005e-05,0.0,89.00259327850321,6.456086841543564,89.00259521368085,0.0,0.0,0.0,,,,,,,,,,,,,,,,
/vols/lz/tmarley/GEM_ITO/run/im1/C/255.454keV_0.000_0.000_C_1.824cm_591_im.npy,1.824,858651.4898681641,18.588804293720624,0.0,172.00969035128293,249.81659402580328,0.0,4.3712e-05,2.9308800000000006e-05,0.0,14.706621493072612,6.209729273213018,15.861325633812056,0.0,0.0,0.0,,,,,,,,,,,,,,,,
/vols/lz/tmarley/GEM_ITO/run/im1/C/153.604keV_0.000_0.000_C_2.405cm_2402_im.npy,2.405,553492.3801269531,11.544415141625318,0.0,132.28052359081823,106.8471146048276,0.0,3.330560000000001e-05,5.204320000000001e-05,0.0,50.352223204322144,31.43537569290159,53.52630455540358,0.0,0.0,0.0,,,,,,,,,,,,,,,,
/vols/lz/tmarley/GEM_ITO/run/im1/C/132.501keV_0.000_0.000_C_2.420cm_4997_im.npy,2.42,417273.04107666016,8.55774532655342,0.0,114.68998843177226,75.63535540756412,0.0,2.7104000000000003e-05,4.080960000000001e-05,0.0,80.52981430796842,5.682538300298609,80.53109495043597,0.0,0.0,0.0,,,,,,,,,,,,,,,,
/vols/lz/tmarley/GEM_ITO/run/im1/C/1.402keV_0.000_0.000_C_2.023cm_1149_im.npy,2.023,-599.7380981445312,0.02909315420089,54000.406,1.7948768876831984,0.030260486786588,0.14002894,2.2905600000000003e-05,0.002221192,8.928496640000002e-07,16.11319884732817,84.60111328503324,84.6031124452443,285.29729729729735,1181.4860813704497,0.0,,,,,,,,,,,,,,,,
/vols/lz/tmarley/GEM_ITO/run/im1/C/163.803keV_0.000_0.000_C_1.637cm_5434_im.npy,1.637,475542.5941162109,10.3193946356235,0.0,192.93589260842305,101.17085211217082,0.0,1.8771200000000004e-05,4.212480000000001e-05,0.0,48.97023980552301,58.33819715948712,63.29057773708229,0.0,0.0,0.0,,,,,,,,,,,,,,,,
/vols/lz/tmarley/GEM_ITO/run/im1/C/106.380keV_0.000_0.000_C_1.576cm_9801_im.npy,1.576,308317.41662597656,6.778276325553211,0.0,136.49626570625043,99.626037350494,0.0,1.8886400000000003e-05,2.6600000000000003e-05,0.0,24.01038437346174,10.60198142786336,25.788699121642424,0.0,0.0,0.0,,,,,,,,,,,,,,,,
/vols/lz/tmarley/GEM_ITO/run/im1/C/122.167keV_0.000_0.000_C_0.758cm_5915_im.npy,0.758,404016.8978271485,8.486902871545915,0.0,152.6689371831253,72.16642551329291,0.0,2.2246400000000004e-05,3.980480000000001e-05,0.0,58.08794205070167,9.986178626402015,58.24137512262016,0.0,0.0,0.0,,,,,,,,,,,,,,,,
/vols/lz/tmarley/GEM_ITO/run/im1/C/142.954keV_0.000_0.000_C_1.432cm_6148_im.npy,1.432,421174.1450805664,9.196811876068814,0.0,173.37103421918496,80.36726893616662,0.0,1.8252800000000003e-05,4.524640000000001e-05,0.0,61.836231587360885,52.1298244884917,66.20359474714864,0.0,0.0,0.0,,,,,,,,,,,,,,,,
/vols/lz/tmarley/GEM_ITO/run/im1/C/119.844keV_0.000_0.000_C_0.959cm_3182_im.npy,0.959,348797.9367675781,7.519274742319292,0.0,155.4386463447172,74.10717306269969,0.0,1.7286400000000004e-05,4.044480000000001e-05,0.0,76.29530426795081,28.527816828195327,76.4097228344191,0.0,0.0,0.0,,,,,,,,,,,,,,,,
/vols/lz/tmarley/GEM_ITO/run/im1/C/321.818keV_0.000_0.000_C_1.345cm_4848_im.npy,1.345,1100478.9376831057,19.438649223474552,0.0,198.2751723591019,216.93062571035287,0.0,5.050880000000001e-05,4.0582400000000006e-05,0.0,33.912402067160784,3.549501227708653,34.02493685841341,0.0,0.0,0.0,,,,,,,,,,,,,,,,
/vols/lz/tmarley/GEM_ITO/run/im1/C/122.747keV_0.000_0.000_C_2.371cm_2682_im.npy,2.371,380313.7068481445,8.306005936438858,0.0,195.44542283865292,73.21361520685431,0.0,1.4252800000000002e-05,4.164320000000001e-05,0.0,60.39195549901136,64.0723041938124,69.72466751443646,0.0,0.0,0.0,,,,,,,,,,,,,,,,
/vols/lz/tmarley/GEM_ITO/run/im1/C/1.723keV_0.000_0.000_C_0.790cm_3036_im.npy,0.79,3543.6463623046875,0.0469827036211468,2805.6707,4.633869220398626,1.909168254283885,1.5327786,7.584000000000001e-06,1.4960000000000002e-05,2.3444480000000007e-09,50.71036185600892,65.25217697196041,68.11917909245952,175.5,198.41379310344828,0.0,,,,,,,,,,,,,,,,
/vols/lz/tmarley/GEM_ITO/run/im1/C/248.435keV_0.000_0.000_C_1.697cm_5395_im.npy,1.697,631853.7002563477,13.8014467872366,0.0,228.93878177765612,146.5514318333127,0.0,2.2054400000000004e-05,3.6073600000000006e-05,0.0,57.64005265498876,38.88653275712909,60.56694692143286,0.0,0.0,0.0,,,,,,,,,,,,,,,,
/vols/lz/tmarley/GEM_ITO/run/im1/C/53.522keV_0.000_0.000_C_1.980cm_6628_im.npy,1.98,156617.73071289062,3.48115073233341,0.0,92.5087418625734,44.7405650287262,0.0,1.36384e-05,2.8755200000000005e-05,0.0,63.37149980852902,6.1896262745117925,63.40537281006352,0.0,0.0,0.0,,,,,,,,,,,,,,,,
/vols/lz/tmarley/GEM_ITO/run/im1/C/104.947keV_0.000_0.000_C_0.649cm_6968_im.npy,0.649,293347.9693603516,6.37825668602966,0.0,157.88500434024874,69.31004307198072,0.0,1.3824000000000002e-05,3.347840000000001e-05,0.0,65.99350003978842,20.424870641239245,66.28108890855303,0.0,0.0,0.0,,,,,,,,,,,,,,,,
/vols/lz/tmarley/GEM_ITO/run/im1/C/216.986keV_0.000_0.000_C_0.583cm_9654_im.npy,0.583,626740.0246582031,12.20592348575917,0.0,220.78232000657823,100.6229097180466,0.0,2.1734400000000003e-05,5.314560000000001e-05,0.0,78.34530314681273,41.3814131292376,78.52809549825696,0.0,0.0,0.0,,,,,,,,,,,,,,,,
/vols/lz/tmarley/GEM_ITO/run/im1/C/161.118keV_0.000_0.000_C_2.416cm_1373_im.npy,2.416,528885.0991210938,11.399330289398364,0.0,138.56125112600142,119.5805700356817,0.0,3.0720000000000004e-05,3.707840000000001e-05,0.0,32.01488630794653,30.39697495758368,40.60801835721888,0.0,0.0,0.0,,,,,,,,,,,,,,,,
/vols/lz/tmarley/GEM_ITO/run/im1/C/217.480keV_0.000_0.000_C_1.946cm_5723_im.npy,1.946,655915.255859375,12.383876099672506,0.0,163.36431784291912,106.9129251652009,0.0,3.430400000000001e-05,5.1942400000000006e-05,0.0,58.77814193984653,35.25569740770485,60.875465610371634,0.0,0.0,0.0,,,,,,,,,,,,,,,,
/vols/lz/tmarley/GEM_ITO/run/im1/C/113.702keV_0.000_0.000_C_1.663cm_512_im.npy,1.663,342586.54376220703,7.465298507749967,0.0,117.75264494516335,69.87171316308483,0.0,2.3091200000000003e-05,4.04672e-05,0.0,61.69190530990223,6.415555030897988,61.73567530541323,0.0,0.0,0.0,,,,,,,,,,,,,,,,
/vols/lz/tmarley/GEM_ITO/run/im1/C/156.139keV_0.000_0.000_C_0.702cm_4814_im.npy,0.702,524576.5172729492,10.809588556222554,0.0,173.22438617749052,103.0197671721348,0.0,2.4179200000000004e-05,4.5480000000000005e-05,0.0,51.60208959605115,17.712084241707164,52.46486231656286,0.0,0.0,0.0,,,,,,,,,,,,,,,,
/vols/lz/tmarley/GEM_ITO/run/im1/C/1.471keV_0.000_0.000_C_1.222cm_9826_im.npy,1.222,547.296630859375,0.01652995100632,40952.16,1.9077983935926413,0.0198095673157402,0.14064509,1.2582400000000002e-05,0.0022508096,7.472189440000002e-07,75.68452737336519,89.49702330652119,89.49732066119098,1096.2,1218.0,0.0,,,,,,,,,,,,,,,,
/vols/lz/tmarley/GEM_ITO/run/im1/C/181.281keV_0.000_0.000_C_0.915cm_9122_im.npy,0.915,548156.3558959961,12.08648675159274,0.0,167.1252919829331,147.43759378237567,0.0,2.4614400000000003e-05,3.2686400000000006e-05,0.0,33.064791830902884,22.90672242535016,37.81604906139425,0.0,0.0,0.0,,,,,,,,,,,,,,,,
/vols/lz/tmarley/GEM_ITO/run/im1/C/91.546keV_0.000_0.000_C_0.780cm_6614_im.npy,0.78,288039.0569458008,6.287887595652624,0.0,163.31318153581742,60.13192549597689,0.0,1.3625600000000002e-05,3.659680000000001e-05,0.0,83.65241100858908,28.7238009366444,83.66407792510151,0.0,0.0,0.0,,,,,,,,,,,,,,,,
/vols/lz/tmarley/GEM_ITO/run/im1/C/262.392keV_0.000_0.000_C_1.253cm_5392_im.npy,1.253,1009352.2056884766,15.827807190763432,0.0,200.81442871141317,165.1319306878703,0.0,4.006400000000001e-05,4.862240000000001e-05,0.0,52.37081826384669,32.86234707507367,55.391362256164925,0.0,0.0,0.0,,,,,,,,,,,,,,,,
/vols/lz/tmarley/GEM_ITO/run/im1/C/131.218keV_0.000_0.000_C_1.759cm_7621_im.npy,1.759,341550.067565918,7.491615543005354,0.0,179.11124366158265,94.409887357532,0.0,1.5040000000000002e-05,2.812960000000001e-05,0.0,86.42760593329162,15.73208504853736,86.42815680535563,0.0,0.0,0.0,,,,,,,,,,,,,,,,
/vols/lz/tmarley/GEM_ITO/run/im1/C/1.141keV_0.000_0.000_C_1.037cm_6388_im.npy,1.037,795.3524780273438,0.0198824095771203,82230.234,2.0496707487245827,0.0318582407892374,0.19500825,1.7875200000000005e-05,0.002254328,1.0642344960000003e-06,17.09841227923809,88.19647470613123,88.1965592459633,420.5,1218.0,0.0,,,,,,,,,,,,,,,,
/vols/lz/tmarley/GEM_ITO/run/im1/C/76.965keV_0.000_0.000_C_2.424cm_5268_im.npy,2.424,211398.03692626956,4.58310637408638,0.0,94.40069633999327,52.09282217272116,0.0,1.82848e-05,3.2856000000000005e-05,0.0,68.80422446988592,6.550149150884673,68.8233451446248,0.0,0.0,0.0,,,,,,,,,,,,,,,,
/vols/lz/tmarley/GEM_ITO/run/im1/C/65.953keV_0.000_0.000_C_2.447cm_8485_im.npy,2.447,176748.71417236328,3.839227948209341,0.0,105.39114858417548,49.922788234889126,0.0,1.2128e-05,2.785920000000001e-05,0.0,87.04063529105328,16.570156288463284,87.0409847139491,0.0,0.0,0.0,,,,,,,,,,,,,,,,
/vols/lz/tmarley/GEM_ITO/run/im1/C/105.893keV_0.000_0.000_C_0.568cm_5486_im.npy,0.568,318263.9753417969,6.933649632538593,0.0,161.0501892959301,64.73895242824976,0.0,1.6403200000000002e-05,3.8712000000000005e-05,0.0,74.94059407234772,10.279789976487583,74.9576809787937,0.0,0.0,0.0,,,,,,,,,,,,,,,,
/vols/lz/tmarley/GEM_ITO/run/im1/C/83.718keV_0.000_0.000_C_1.090cm_3337_im.npy,1.09,218166.2674560547,4.775718119064653,0.0,130.4106151974058,55.61963863477075,0.0,1.2492800000000002e-05,3.0988800000000004e-05,0.0,86.61422260172651,23.15300639165741,86.61530311162032,0.0,0.0,0.0,,,,,,,,,,,,,,,,
/vols/lz/tmarley/GEM_ITO/run/im1/C/2.008keV_0.000_0.000_C_1.873cm_7675_im.npy,1.873,1364.6459350585938,0.0305832008681866,105662.36,2.2635827990240536,0.0583222707310681,0.21078366,2.1670400000000005e-05,0.0022460704,1.3554457600000004e-06,4.594264372637158,84.12495702408127,84.12515645387974,151.63855421686742,1181.4860813704497,0.0,,,,,,,,,,,,,,,,
/vols/lz/tmarley/GEM_ITO/run/im1/C/470.739keV_0.000_0.000_C_1.827cm_6022_im.npy,1.827,1571401.6306152344,32.49911646568012,0.0,388.76655876839686,172.24557169587342,0.0,3.47648e-05,9.25248e-05,0.0,46.21654100711093,67.25274349949552,68.98677063938042,0.0,0.0,0.0,,,,,,,,,,,,,,,,
/vols/lz/tmarley/GEM_ITO/run/im1/C/155.298keV_0.000_0.000_C_1.440cm_8010_im.npy,1.44,442175.3247070313,9.634421604099051,0.0,137.20578515900968,125.1090100884836,0.0,2.573440000000001e-05,3.0964800000000005e-05,0.0,30.884387064847346,25.910157473036023,37.61586770107068,0.0,0.0,0.0,,,,,,,,,,,,,,,,
/vols/lz/tmarley/GEM_ITO/run/im1/C/217.183keV_0.000_0.000_C_2.330cm_8882_im.npy,2.33,682953.6725463867,12.34394260194667,0.0,201.5779287344033,103.37151449713448,0.0,3.2428800000000004e-05,5.241760000000001e-05,0.0,86.13902306786994,34.172700743959545,86.14305721139068,0.0,0.0,0.0,,,,,,,,,,,,,,,,
/vols/lz/tmarley/GEM_ITO/run/im1/C/202.614keV_0.000_0.000_C_1.712cm_868_im.npy,1.712,630754.8697509766,12.54147072622286,0.0,209.092962500712,93.01331487440832,0.0,2.4947200000000004e-05,5.603840000000001e-05,0.0,86.24698517618621,44.52855740190644,86.2547516138191,0.0,0.0,0.0,,,,,,,,,,,,,,,,
/vols/lz/tmarley/GEM_ITO/run/im1/C/180.826keV_0.000_0.000_C_0.946cm_431_im.npy,0.946,607535.8082275391,13.363416817521678,0.0,170.2357806655834,229.80995740340148,0.0,2.7468800000000004e-05,2.3091200000000003e-05,0.0,1.9137361521628156,76.58309926979594,76.58351003340248,0.0,0.0,0.0,,,,,,,,,,,,,,,,
/vols/lz/tmarley/GEM_ITO/run/im1/C/219.443keV_0.000_0.000_C_1.797cm_5028_im.npy,1.797,769166.4595336914,16.229652816936962,0.0,192.93298452568888,110.90513587936071,0.0,3.3459200000000007e-05,5.517760000000001e-05,0.0,39.72290356927156,49.11518871388875,54.90001397457004,0.0,0.0,0.0,,,,,,,,,,,,,,,,
/vols/lz/tmarley/GEM_ITO/run/im1/C/261.164keV_0.000_0.000_C_0.607cm_9608_im.npy,0.607,892996.008605957,19.18340443333194,0.0,195.9394342685736,242.07968698056092,0.0,3.735680000000001e-05,3.181600000000001e-05,0.0,18.900121078096333,16.768008583817767,24.516844726677924,0.0,0.0,0.0,,,,,,,,,,,,,,,,
/vols/lz/tmarley/GEM_ITO/run/im1/C/101.966keV_0.000_0.000_C_0.653cm_4055_im.npy,0.653,263857.60485839844,5.763648857682288,0.0,165.55884052382615,82.1166926350242,0.0,1.2096000000000002e-05,2.727040000000001e-05,0.0,62.85387686693579,5.442817507986588,62.88159542542969,0.0,0.0,0.0,,,,,,,,,,,,,,,,
/vols/lz/tmarley/GEM_ITO/run/im1/C/74.556keV_0.000_0.000_C_0.937cm_9610_im.npy,0.937,223336.78588867188,4.845214407289191,0.0,134.8961243503155,57.42690140330944,0.0,1.4739200000000005e-05,3.2686400000000006e-05,0.0,59.0479161675023,1.0460382803628931,59.049431214657865,0.0,0.0,0.0,,,,,,,,,,,,,,,,
/vols/lz/tmarley/GEM_ITO/run/im1/C/241.918keV_0.000_0.000_C_1.967cm_9711_im.npy,1.967,776830.1645507812,12.595125336905395,0.0,193.5284589207252,120.17761993625584,0.0,3.3081600000000005e-05,5.241280000000001e-05,0.0,85.85145940500068,36.07109521822557,85.85721770495333,0.0,0.0,0.0,,,,,,,,,,,,,,,,
/vols/lz/tmarley/GEM_ITO/run/im1/C/48.549keV_0.000_0.000_C_1.028cm_6419_im.npy,1.028,140273.72979736328,3.0558660299887643,0.0,117.37360606880044,42.25607738925383,0.0,9.094400000000002e-06,2.6080000000000004e-05,0.0,84.51692907272579,25.16009978163868,84.52246013031574,0.0,0.0,0.0,,,,,,,,,,,,,,,,
/vols/lz/tmarley/GEM_ITO/run/im1/C/182.693keV_0.000_0.000_C_1.427cm_3976_im.npy,1.427,624031.3659667969,13.58597486833452,0.0,144.6573163606123,212.19418404159663,0.0,3.3811200000000006e-05,2.5710400000000004e-05,0.0,9.702771110494629,13.049400053759117,16.06745778845856,0.0,0.0,0.0,,,,,,,,,,,,,,,,
/vols/lz/tmarley/GEM_ITO/run/im1/C/162.929keV_0.000_0.000_C_2.043cm_8034_im.npy,2.043,541879.7416381836,10.363693499319318,0.0,141.13228786322335,93.95434833672633,0.0,3.06048e-05,4.231040000000001e-05,0.0,67.88928896480576,16.998384981775843,68.04179130990147,0.0,0.0,0.0,,,,,,,,,,,,,,,,
/vols/lz/tmarley/GEM_ITO/run/im1/C/244.761keV_0.000_0.000_C_1.055cm_7377_im.npy,1.055,881493.1348876953,19.0147984439238,0.0,375.9482850391888,113.15895209219464,0.0,2.0038400000000005e-05,5.491040000000001e-05,0.0,16.665539976713067,81.21049539680894,81.2197494537631,0.0,0.0,0.0,,,,,,,,,,,,,,,,
/vols/lz/tmarley/GEM_ITO/run/im1/C/194.558keV_0.000_0.000_C_1.977cm_5426_im.npy,1.977,625431.0977172852,13.594213186519376,0.0,222.1017058219203,120.27319974479768,0.0,2.18112e-05,4.293600000000001e-05,0.0,21.02865387609765,75.55292094473903,75.62034072425334,0.0,0.0,0.0,,,,,,,,,,,,,,,,
/vols/lz/tmarley/GEM_ITO/run/im1/C/415.564keV_0.000_0.000_C_1.212cm_3139_im.npy,1.212,1464100.7009277344,29.400769109358592,0.0,585.7272603395326,146.35574396027226,0.0,2.1094400000000003e-05,8.261760000000001e-05,0.0,55.32884972782243,68.44928618220762,71.06978350554279,0.0,0.0,0.0,,,,,,,,,,,,,,,,
/vols/lz/tmarley/GEM_ITO/run/im1/C/89.446keV_0.000_0.000_C_1.280cm_786_im.npy,1.28,246810.77838134769,5.309458150967291,0.0,155.24012653564353,68.57728335377281,0.0,1.1443200000000004e-05,2.8952000000000003e-05,0.0,59.99752633000335,39.265788004971306,62.42825826780061,0.0,0.0,0.0,,,,,,,,,,,,,,,,
/vols/lz/tmarley/GEM_ITO/run/im1/C/258.332keV_0.000_0.000_C_0.569cm_9694_im.npy,0.569,830475.1345214844,13.788426158111044,0.0,235.9742699116404,137.09602989120393,0.0,2.9241600000000005e-05,5.101440000000001e-05,0.0,67.10672630853459,38.66142109428988,68.19543663455504,0.0,0.0,0.0,,,,,,,,,,,,,,,,
/vols/lz/tmarley/GEM_ITO/run/im0/C/1.480keV_0.000_0.000_C_2.469cm_1861_im.npy,2.469,74.68292236328125,0.028170628181109,38787.51,2.1139044124724298,0.0269947851071215,0.12944576,1.4540800000000005e-05,0.0022697552,8.579159040000003e-07,57.07654270885469,84.39458059498571,84.45748770637442,929.5263157894736,1181.4860813704497,0.0,,,,,,,,,,,,,,,,
/vols/lz/tmarley/GEM_ITO/run/im0/C/403.810keV_0.000_0.000_C_0.687cm_9638_im.npy,0.687,1176101.5157470703,25.285593114508444,0.0,510.5050953573494,188.9827782964544,0.0,2.0448000000000005e-05,6.240640000000001e-05,0.0,40.189914949143024,63.445116421668494,65.2774745693216,0.0,0.0,0.0,,,,,,,,,,,,,,,,
/vols/lz/tmarley/GEM_ITO/run/im0/C/83.156keV_0.000_0.000_C_0.975cm_5471_im.npy,0.975,224731.6328125,4.968091651761173,0.0,150.4079494339295,63.53097251927945,0.0,1.1692800000000004e-05,3.100000000000001e-05,0.0,11.14120472816222,32.56259655703777,33.75419543284361,0.0,0.0,0.0,,,,,,,,,,,,,,,,
/vols/lz/tmarley/GEM_ITO/run/im0/C/145.542keV_0.000_0.000_C_1.050cm_4098_im.npy,1.05,464794.87286376953,9.96352610011235,0.0,288.8174338893014,85.97952748196039,0.0,1.1737600000000004e-05,4.3313600000000005e-05,0.0,14.1433219765636,62.4703851447825,62.67072126625604,0.0,0.0,0.0,,,,,,,,,,,,,,,,
/vols/lz/tmarley/GEM_ITO/run/im0/C/103.605keV_0.000_0.000_C_2.464cm_7324_im.npy,2.464,310384.14447021484,6.581750472618055,0.0,106.1703000538672,62.081820870979385,0.0,2.3955200000000004e-05,3.904480000000001e-05,0.0,31.893916042402456,15.91976062325078,34.393656820200306,0.0,0.0,0.0,,,,,,,,,,,,,,,,
/vols/lz/tmarley/GEM_ITO/run/im1/F/78.974keV_0.000_0.000_F_0.934cm_5282_im.npy,0.934,176291.95379638672,3.797838338432245,0.0,126.33496074341372,52.443188805712815,0.0,1.09312e-05,2.798880000000001e-05,0.0,75.62566538210761,14.030932815990315,75.65384038796047,0.0,0.0,0.0,,,,,,,,,,,,,,,,
/vols/lz/tmarley/GEM_ITO/run/im1/F/114.175keV_0.000_0.000_F_0.540cm_8320_im.npy,0.54,327429.8739013672,7.077878282481198,0.0,155.43337532820715,74.85006088436897,0.0,1.5699200000000004e-05,3.7182400000000005e-05,0.0,81.31126061243337,7.354424242288215,81.31292450973272,0.0,0.0,0.0,,,,,,,,,,,,,,,,
/vols/lz/tmarley/GEM_ITO/run/im1/F/105.092keV_0.000_0.000_F_2.073cm_8844_im.npy,2.073,258441.86932373047,5.575379739178609,0.0,115.26357627063088,71.7787087500915,0.0,1.66144e-05,2.9324800000000004e-05,0.0,50.6530857240441,18.574708565727647,51.67683545838182,0.0,0.0,0.0,,,,,,,,,,,,,,,,
/vols/lz/tmarley/GEM_ITO/run/im1/F/79.618keV_0.000_0.000_F_2.021cm_8248_im.npy,2.021,168045.7579345703,3.646128802940868,0.0,95.0042586047304,42.18076535279094,0.0,1.3612800000000005e-05,2.988320000000001e-05,0.0,77.276615801392,16.902440834673424,77.30548924269445,0.0,0.0,0.0,,,,,,,,,,,,,,,,
/vols/lz/tmarley/GEM_ITO/run/im1/F/64.179keV_0.000_0.000_F_1.494cm_2843_im.npy,1.494,136851.11450195312,2.932683565500835,0.0,83.69846077176436,38.87827254706213,0.0,1.1891200000000002e-05,2.7248000000000004e-05,0.0,70.3078232089192,4.7768026062540105,70.3159477996724,0.0,0.0,0.0,,,,,,,,,,,,,,,,
/vols/lz/tmarley/GEM_ITO/run/im1/F/4.600keV_0.000_0.000_F_1.989cm_7934_im.npy,1.989,3343.128662109375,0.0695950346399516,0.0,5.062052780379102,1.1310751957301373,0.0,3.5136000000000005e-06,1.7681600000000004e-05,0.0,36.667880479961,83.97195206269363,83.9903598317915,0.0,0.0,0.0,,,,,,,,,,,,,,,,
/vols/lz/tmarley/GEM_ITO/run/im1/F/2.109keV_0.000_0.000_F_2.129cm_3422_im.npy,2.129,824.5352783203125,0.0207621486047209,51342.562,2.475490536707464,0.0254754650918541,0.18037465,1.2025600000000002e-05,0.0022692448,7.756180480000002e-07,0.9169451172381958,87.92025208524359,87.92025243621549,78.26506024096386,1218.0,0.0,,,,,,,,,,,,,,,,
/vols/lz/tmarley/GEM_ITO/run/im1/F/157.284keV_0.000_0.000_F_0.883cm_8164_im.npy,0.883,353229.31341552734,7.724184815636981,0.0,188.34733416169485,84.12696091367572,0.0,1.56672e-05,3.3835200000000004e-05,0.0,78.93891023586147,7.986123987967969,78.94296529993044,0.0,0.0,0.0,,,,,,,,,,,,,,,,
/vols/lz/tmarley/GEM_ITO/run/im1/F/116.768keV_0.000_0.000_F_1.528cm_5067_im.npy,1.528,311917.0814819336,6.675512066189416,0.0,125.7400129165172,93.78556978485447,0.0,1.9788800000000003e-05,2.7305600000000005e-05,0.0,28.60131459150429,0.493189649667264,28.604315307828312,0.0,0.0,0.0,,,,,,,,,,,,,,,,
/vols/lz/tmarley/GEM_ITO/run/im1/F/3.055keV_0.000_0.000_F_0.594cm_9893_im.npy,0.594,2179.5997314453125,0.0436860346172552,8321.037,4.782168538181361,1.293098422825911,1.4635594,7.308800000000001e-06,1.63872e-05,6.3928320000000024e-09,47.69885426259473,71.6295930241615,72.67427462538174,142.15384615384613,165.33333333333331,0.0,,,,,,,,,,,,,,,,
/vols/lz/tmarley/GEM_ITO/run/im1/F/3.790keV_0.000_0.000_F_1.634cm_8355_im.npy,1.634,3561.539123535156,0.0515257714131936,8467.978,3.688767223787535,1.8292338057908109,1.9982009,1.01824e-05,1.6009600000000003e-05,5.4440960000000015e-09,60.18737822479936,64.62895493260235,69.93124349386491,221.45454545454544,185.96791443850267,0.0,,,,,,,,,,,,,,,,
/vols/lz/tmarley/GEM_ITO/run/im1/F/86.967keV_0.000_0.000_F_2.468cm_636_im.npy,2.468,206823.7584228516,4.555404094817818,0.0,103.2767900176732,62.64911165904639,0.0,1.4150400000000004e-05,2.6748800000000004e-05,0.0,40.03091369345015,16.900716691303565,41.77378548685429,0.0,0.0,0.0,,,,,,,,,,,,,,,,
/vols/lz/tmarley/GEM_ITO/run/im1/F/1.548keV_0.000_0.000_F_0.943cm_8775_im.npy,0.943,1393.2372436523438,0.0268680558711533,0.0,4.817111101569282,0.80107301019215,0.0,2.8096000000000006e-06,1.3092800000000004e-05,0.0,65.81416703436741,47.89080298564964,68.08978133194198,0.0,0.0,0.0,,,,,,,,,,,,,,,,
/vols/lz/tmarley/GEM_ITO/run/im1/F/1.173keV_0.000_0.000_F_1.320cm_9382_im.npy,1.32,903.612548828125,0.0162439814575664,34633.062,2.8190631419034475,0.0216802322584223,0.19420452,7.948800000000001e-06,0.002313704,4.325765120000002e-07,64.12812732350555,89.5306416368336,89.53070858218426,828.2399999999999,1218.0,0.0,,,,,,,,,,,,,,,,
/vols/lz/tmarley/GEM_ITO/run/im1/F/202.018keV_0.000_0.000_F_1.926cm_5788_im.npy,1.926,585867.6842651367,12.748365703772482,0.0,232.1818477415176,109.07604617506765,0.0,2.27136e-05,4.797920000000001e-05,0.0,47.4883786527744,61.60326594986351,65.02980452650851,0.0,0.0,0.0,,,,,,,,,,,,,,,,
/vols/lz/tmarley/GEM_ITO/run/im1/F/117.412keV_0.000_0.000_F_2.016cm_847_im.npy,2.016,260116.9810791016,5.679966175081447,0.0,136.49543381799742,79.41644116916348,0.0,1.4976000000000002e-05,2.7196800000000004e-05,0.0,45.37582800447583,5.277784924907191,45.49438792493009,0.0,0.0,0.0,,,,,,,,,,,,,,,,
/vols/lz/tmarley/GEM_ITO/run/im1/F/1.696keV_0.000_0.000_F_2.025cm_8203_im.npy,2.025,579.482421875,0.0155110879916419,66626.49,2.6325713676307947,0.0278107411915258,0.19113506,1.8675200000000004e-05,0.0023145328,9.707729920000002e-07,66.24494395110912,89.65923952716665,89.65927063565118,1148.4,1218.0,0.0,,,,,,,,,,,,,,,,
/vols/lz/tmarley/GEM_ITO/run/im1/F/3.515keV_0.000_0.000_F_1.792cm_6088_im.npy,1.792,2312.4791870117188,0.0506049139616207,8192.036,4.62947198443289,1.7594227832809817,1.9379377,8.934400000000002e-06,1.5384000000000004e-05,5.704704000000001e-09,39.81138996931483,65.54240495568288,66.96012711296018,161.74883720930234,189.34806629834256,0.0,,,,,,,,,,,,,,,,
/vols/lz/tmarley/GEM_ITO/run/im1/F/96.517keV_0.000_0.000_F_1.655cm_7788_im.npy,1.655,223084.8870849609,4.917359274440061,0.0,116.5659105116296,70.9243185919464,0.0,1.5699200000000004e-05,2.6113600000000004e-05,0.0,32.725517579121835,4.342744729423542,32.906471347865896,0.0,0.0,0.0,,,,,,,,,,,,,,,,
/vols/lz/tmarley/GEM_ITO/run/im0/C/199.541keV_0.000_0.000_C_2.225cm_1282_im.npy,2.225,713583.1846313477,12.341058853714502,0.0,137.44858008991787,133.10030629442582,0.0,4.429440000000001e-05,4.3449600000000005e-05,0.0,40.3918355533813,15.944620725435968,41.90823197536758,0.0,0.0,0.0,,,,,,,,,,,,,,,,
/vols/lz/tmarley/GEM_ITO/run/im0/C/196.079keV_0.000_0.000_C_1.787cm_8478_im.npy,1.787,656180.3012084961,14.2574841205892,0.0,177.3827065376683,241.9665455507889,0.0,3.230080000000001e-05,2.5100800000000005e-05,0.0,80.15448298049272,68.66870365024165,80.98837911709596,0.0,0.0,0.0,,,,,,,,,,,,,,,,
/vols/lz/tmarley/GEM_ITO/run/im0/C/505.754keV_0.000_0.000_C_0.801cm_1428_im.npy,0.801,1836023.5017089844,39.90432735983663,0.0,643.4520920709442,179.7182146715869,0.0,2.3980800000000003e-05,9.7704e-05,0.0,49.79164340706083,77.76072238705699,78.13379545312432,0.0,0.0,0.0,,,,,,,,,,,,,,,,
/vols/lz/tmarley/GEM_ITO/run/im0/C/85.167keV_0.000_0.000_C_0.803cm_9690_im.npy,0.803,238305.74938964844,5.083012834904109,0.0,177.20533343303129,60.97908574534523,0.0,1.0963200000000002e-05,3.1934400000000004e-05,0.0,0.4474291968190722,31.014325050149576,31.01645940502757,0.0,0.0,0.0,,,,,,,,,,,,,,,,
/vols/lz/tmarley/GEM_ITO/run/im0/C/202.127keV_0.000_0.000_C_2.141cm_9826_im.npy,2.141,482726.7174682617,10.639079953044432,0.0,190.4306411342006,119.12644405057712,0.0,2.0787200000000003e-05,3.3078400000000005e-05,0.0,31.032173491978742,3.536571242641981,31.165181937430837,0.0,0.0,0.0,,,,,,,,,,,,,,,,
/vols/lz/tmarley/GEM_ITO/run/im0/C/110.491keV_0.000_0.000_C_1.906cm_666_im.npy,1.906,288915.7053222656,6.415567590472804,0.0,167.65398163011554,76.84065466308304,0.0,1.4803200000000004e-05,3.0649600000000006e-05,0.0,24.659561006675137,38.0753828462843,42.23994965507965,0.0,0.0,0.0,,,,,,,,,,,,,,,,
/vols/lz/tmarley/GEM_ITO/run/im1/F/80.107keV_0.000_0.000_F_1.290cm_4955_im.npy,1.29,191687.3337402344,4.087251831369729,0.0,98.87476660005942,46.82366979636896,0.0,1.4092800000000002e-05,3.16e-05,0.0,79.59792647380337,10.78703404743177,79.60414423089769,0.0,0.0,0.0,,,,,,,,,,,,,,,,
/vols/lz/tmarley/GEM_ITO/run/im1/F/100.218keV_0.000_0.000_F_1.603cm_1219_im.npy,1.603,244628.73760986328,5.443240688318189,0.0,138.51223693535786,73.71721898451976,0.0,1.3299200000000005e-05,2.839840000000001e-05,0.0,52.09689788055884,32.334401310076856,55.07116800334831,0.0,0.0,0.0,,,,,,,,,,,,,,,,
/vols/lz/tmarley/GEM_ITO/run/im1/F/127.733keV_0.000_0.000_F_2.390cm_5481_im.npy,2.39,322797.1965942383,7.107249140536397,0.0,128.8351740085331,83.83960432344793,0.0,1.9398400000000004e-05,3.0211200000000006e-05,0.0,36.23753588459866,33.373342374837144,44.57902119415248,0.0,0.0,0.0,,,,,,,,,,,,,,,,
/vols/lz/tmarley/GEM_ITO/run/im1/F/1.308keV_0.000_0.000_F_2.334cm_7074_im.npy,2.334,-100.8389892578125,0.0312142627524785,38593.34,1.88005680872804,0.0241506331718699,0.12757127,1.5910400000000003e-05,0.0022646864,9.082987520000004e-07,71.69633030827137,84.07398016254109,84.34401132560436,1218.0,1181.4860813704497,0.0,,,,,,,,,,,,,,,,
/vols/lz/tmarley/GEM_ITO/run/im1/F/58.547keV_0.000_0.000_F_0.869cm_2073_im.npy,0.869,148645.35247802734,3.275936015682749,0.0,102.27105707695812,53.75330268848274,0.0,1.14688e-05,2.4358400000000004e-05,0.0,34.4025707945603,0.1128172120249086,34.40268121443618,0.0,0.0,0.0,,,,,,,,,,,,,,,,
/vols/lz/tmarley/GEM_ITO/run/im1/F/170.443keV_0.000_0.000_F_1.716cm_1422_im.npy,1.716,403323.4676513672,8.759704515388826,0.0,174.90280941066308,91.22590869482988,0.0,1.8489600000000003e-05,3.6886400000000007e-05,0.0,74.41859755338177,20.21074762857799,74.49612993378122,0.0,0.0,0.0,,,,,,,,,,,,,,,,
/vols/lz/tmarley/GEM_ITO/run/im1/F/2.557keV_0.000_0.000_F_0.783cm_7061_im.npy,0.783,2524.7886962890625,0.0603647472751807,0.0,7.321470379362504,1.5053885000367164,0.0,3.328000000000001e-06,1.5019200000000002e-05,0.0,21.53655227521563,66.73278167711956,67.02648061440378,0.0,0.0,0.0,,,,,,,,,,,,,,,,
/vols/lz/tmarley/GEM_ITO/run/im1/F/5.157keV_0.000_0.000_F_1.453cm_2877_im.npy,1.453,3215.3466796875,0.0664349100753345,0.0,6.242111524161897,1.4023211938687448,0.0,4.473600000000001e-06,1.6891200000000002e-05,0.0,56.92631252476888,74.89736659159522,76.00089923317321,0.0,0.0,0.0,,,,,,,,,,,,,,,,
/vols/lz/tmarley/GEM_ITO/run/im1/F/101.322keV_0.000_0.000_F_0.971cm_2282_im.npy,0.971,270601.28118896484,5.9742431962972935,0.0,116.48020364789224,58.12684833851017,0.0,1.7350400000000002e-05,3.5748800000000006e-05,0.0,58.744292475763245,14.595092875465127,59.0568837761637,0.0,0.0,0.0,,,,,,,,,,,,,,,,
/vols/lz/tmarley/GEM_ITO/run/im1/F/69.168keV_0.000_0.000_F_0.743cm_7473_im.npy,0.743,178066.43920898438,3.8890710974028826,0.0,147.99157631963593,56.92766423279112,0.0,1.0054400000000002e-05,2.6782400000000003e-05,0.0,59.89854059672723,25.175699763785577,60.78083329159608,0.0,0.0,0.0,,,,,,,,,,,,,,,,
/vols/lz/tmarley/GEM_ITO/run/im1/F/112.652keV_0.000_0.000_F_0.559cm_5039_im.npy,0.559,260960.0985107422,5.669013052935036,0.0,222.87548360060725,79.7443783024947,0.0,8.9152e-06,2.8104000000000004e-05,0.0,77.52021302147735,50.84532048043431,77.94414773812906,0.0,0.0,0.0,,,,,,,,,,,,,,,,
/vols/lz/tmarley/GEM_ITO/run/im1/F/306.943keV_0.000_0.000_F_0.682cm_2384_im.npy,0.682,946465.3677978516,17.321053419775154,0.0,235.10399293777263,166.57814856389265,0.0,3.43168e-05,4.205120000000001e-05,0.0,41.45708722051517,12.002982305635191,42.25878625737508,0.0,0.0,0.0,,,,,,,,,,,,,,,,
/vols/lz/tmarley/GEM_ITO/run/im1/F/169.597keV_0.000_0.000_F_2.144cm_987_im.npy,2.144,431199.7709350586,9.364864715142382,0.0,163.34404640500046,113.83688585611075,0.0,1.9769600000000005e-05,3.612640000000001e-05,0.0,42.06342027317867,57.38400958678662,61.0066150889388,0.0,0.0,0.0,,,,,,,,,,,,,,,,
/vols/lz/tmarley/GEM_ITO/run/im1/F/183.227keV_0.000_0.000_F_1.116cm_8744_im.npy,1.116,503196.4243164063,10.949400414761104,0.0,198.75758727907373,129.47707754917457,0.0,2.3692800000000005e-05,3.611200000000001e-05,0.0,42.13619315563997,10.929894483926017,42.77183582389706,0.0,0.0,0.0,,,,,,,,,,,,,,,,
/vols/lz/tmarley/GEM_ITO/run/im1/F/60.844keV_0.000_0.000_F_0.626cm_8324_im.npy,0.626,136170.98651123047,2.9644954414266205,0.0,128.24705533332892,40.68847464838288,0.0,8.6912e-06,2.6203200000000004e-05,0.0,81.72726946625818,5.45611283975398,81.72805610367193,0.0,0.0,0.0,,,,,,,,,,,,,,,,
/vols/lz/tmarley/GEM_ITO/run/im1/F/142.516keV_0.000_0.000_F_0.993cm_6712_im.npy,0.993,389409.2861328125,8.436814340832205,0.0,180.7939955021964,102.27734753553597,0.0,1.6857600000000003e-05,3.3230400000000006e-05,0.0,41.29079922213661,48.265215811394434,54.92282247019376,0.0,0.0,0.0,,,,,,,,,,,,,,,,
/vols/lz/tmarley/GEM_ITO/run/im1/F/188.707keV_0.000_0.000_F_0.698cm_304_im.npy,0.698,524030.0571289063,10.67006737960818,0.0,211.97473124832325,89.88669840406476,0.0,1.9366400000000005e-05,4.493120000000001e-05,0.0,86.86909001975751,31.7191509808656,86.87087423370875,0.0,0.0,0.0,,,,,,,,,,,,,,,,
/vols/lz/tmarley/GEM_ITO/run/im1/F/200.120keV_0.000_0.000_F_2.319cm_7291_im.npy,2.319,639902.0179443359,13.556791788266208,0.0,141.35725368028878,130.90956234355127,0.0,3.573120000000001e-05,4.391840000000001e-05,0.0,39.34098772694701,11.843513339975592,40.2340721178695,0.0,0.0,0.0,,,,,,,,,,,,,,,,
/vols/lz/tmarley/GEM_ITO/run/im0/C/244.216keV_0.000_0.000_C_0.634cm_2095_im.npy,0.634,721390.8187866211,11.263031954340338,0.0,213.0901632724384,126.35193936088112,0.0,2.8742400000000005e-05,3.840800000000001e-05,0.0,19.97751886569389,4.329016647557224,20.371173065928343,0.0,0.0,0.0,,,,,,,,,,,,,,,,
/vols/lz/tmarley/GEM_ITO/run/im0/C/274.415keV_0.000_0.000_C_0.588cm_4001_im.npy,0.588,854126.0230712891,14.426919605870951,0.0,248.02215902349275,139.7915816886321,0.0,2.8256000000000005e-05,5.353760000000001e-05,0.0,20.986253501101785,41.35637780566044,43.83721506404145,0.0,0.0,0.0,,,,,,,,,,,,,,,,
/vols/lz/tmarley/GEM_ITO/run/im0/C/336.599keV_0.000_0.000_C_1.439cm_9291_im.npy,1.439,1127190.2440795898,24.45517593247317,0.0,204.20222003773236,230.54648641201172,0.0,4.744960000000001e-05,4.2340800000000006e-05,0.0,71.13821917717414,42.89422836410534,71.96356190837089,0.0,0.0,0.0,,,,,,,,,,,,,,,,
/vols/lz/tmarley/GEM_ITO/run/im0/C/147.996keV_0.000_0.000_C_0.850cm_1984_im.npy,0.85,471067.5628662109,10.27204908168217,0.0,177.4032078704757,169.8793405303834,0.0,2.0793600000000004e-05,2.749600000000001e-05,0.0,77.92796204305674,74.72235271685979,80.44140629122327,0.0,0.0,0.0,,,,,,,,,,,,,,,,
/vols/lz/tmarley/GEM_ITO/run/im2/C/131.851keV_0.000_0.000_C_2.201cm_4340_im.npy,2.201,370948.9653930664,7.994862958872943,0.0,118.2981627278478,78.35366502395445,0.0,2.5708800000000004e-05,3.9265600000000006e-05,0.0,37.80628416484108,0.6221202827257591,37.80900162385701,0.0,0.0,0.0,,,,,,,,,,,,,,,,
/vols/lz/tmarley/GEM_ITO/run/im2/C/165.606keV_0.000_0.000_C_0.589cm_7911_im.npy,0.589,517957.0877685547,11.272401047721164,0.0,178.46729704047308,184.66394463217455,0.0,2.3539200000000003e-05,2.5932800000000004e-05,0.0,71.59320550354865,0.9296723565588846,71.59345580306476,0.0,0.0,0.0,,,,,,,,,,,,,,,,
/vols/lz/tmarley/GEM_ITO/run/im2/C/97.553keV_0.000_0.000_C_2.211cm_4822_im.npy,2.211,275210.45025634766,5.872160420068724,0.0,120.10094087291948,78.90313258832383,0.0,1.6723200000000003e-05,2.916480000000001e-05,0.0,41.94744602380569,18.40977654939192,43.783071450299,0.0,0.0,0.0,,,,,,,,,,,,,,,,
/vols/lz/tmarley/GEM_ITO/run/im2/C/175.713keV_0.000_0.000_C_2.038cm_174_im.npy,2.038,601884.055480957,12.9070107550953,0.0,138.086691243447,118.17269653358964,0.0,3.59424e-05,4.6296000000000005e-05,0.0,51.464699281665865,19.989788736722996,52.58460429765625,0.0,0.0,0.0,,,,,,,,,,,,,,,,
/vols/lz/tmarley/GEM_ITO/run/im2/C/64.566keV_0.000_0.000_C_0.602cm_7773_im.npy,0.602,205998.88427734372,4.4680505036561975,0.0,124.17852841536612,80.93130714594803,0.0,1.2134400000000002e-05,2.3467200000000005e-05,0.0,63.599803605683725,58.58899216827132,68.93357077730951,0.0,0.0,0.0,,,,,,,,,,,,,,,,
/vols/lz/tmarley/GEM_ITO/run/im2/C/190.367keV_0.000_0.000_C_2.264cm_653_im.npy,2.264,543018.5040283203,11.689542549816805,0.0,225.15787907335607,80.92716277458456,0.0,1.9705600000000003e-05,5.120160000000001e-05,0.0,21.55587827011574,60.967514514197184,61.53476252337031,0.0,0.0,0.0,,,,,,,,,,,,,,,,
/vols/lz/tmarley/GEM_ITO/run/im2/C/84.929keV_0.000_0.000_C_1.816cm_5916_im.npy,1.816,251004.19720458984,5.431809810697139,0.0,122.80403056244712,76.70934241348088,0.0,1.7331200000000004e-05,2.6833600000000003e-05,0.0,58.615426642006575,5.702362210141611,58.66257911128714,0.0,0.0,0.0,,,,,,,,,,,,,,,,
/vols/lz/tmarley/GEM_ITO/run/im2/C/79.087keV_0.000_0.000_C_1.139cm_622_im.npy,1.139,244595.77764892575,5.308476617027538,0.0,168.14344908980553,66.46337856292709,0.0,1.1635200000000002e-05,3.198560000000001e-05,0.0,0.2012736286723722,48.89192591656544,48.89205927073453,0.0,0.0,0.0,,,,,,,,,,,,,,,,
/vols/lz/tmarley/GEM_ITO/run/im2/C/65.528keV_0.000_0.000_C_1.534cm_3735_im.npy,1.534,171158.8052368164,3.692784374901198,0.0,103.5050947536391,46.28059137706845,0.0,1.2339200000000002e-05,2.9788800000000005e-05,0.0,5.4749518545387685,20.54897267727211,21.1523959475396,0.0,0.0,0.0,,,,,,,,,,,,,,,,
/vols/lz/tmarley/GEM_ITO/run/im2/C/87.572keV_0.000_0.000_C_0.968cm_3530_im.npy,0.968,227854.64086914065,5.031743786328725,0.0,146.27145129231778,53.19311671555798,0.0,1.30752e-05,3.392640000000001e-05,0.0,15.987558971636982,32.895718116523355,35.27703108877679,0.0,0.0,0.0,,,,,,,,,,,,,,,,
/vols/lz/tmarley/GEM_ITO/run/im2/C/348.735keV_0.000_0.000_C_2.311cm_6483_im.npy,2.311,1275888.7557373047,21.272780682274256,0.0,190.81210932075004,239.94632824068165,0.0,6.181760000000001e-05,4.0254400000000005e-05,0.0,53.68957024739013,1.27450070830341,53.69322352541305,0.0,0.0,0.0,,,,,,,,,,,,,,,,
/vols/lz/tmarley/GEM_ITO/run/im2/C/439.038keV_0.000_0.000_C_0.535cm_9149_im.npy,0.535,1513403.8828735352,26.8046595568856,0.0,428.2679928886397,252.68465586520315,0.0,3.4060800000000004e-05,6.73728e-05,0.0,35.295817473234855,56.07005095342986,58.72679509484816,0.0,0.0,0.0,,,,,,,,,,,,,,,,
/vols/lz/tmarley/GEM_ITO/run/im2/C/244.889keV_0.000_0.000_C_1.511cm_7321_im.npy,1.511,721386.1276245117,11.298521004846544,0.0,179.77813206970583,126.14011452346912,0.0,3.2448000000000005e-05,4.455680000000001e-05,0.0,15.492553819614132,21.878942249314026,26.009825718685075,0.0,0.0,0.0,,,,,,,,,,,,,,,,
/vols/lz/tmarley/GEM_ITO/run/im2/C/284.808keV_0.000_0.000_C_1.377cm_5965_im.npy,1.377,982517.5469360352,20.76897516166408,0.0,337.5188614952111,111.4964399071998,0.0,2.4710400000000003e-05,7.810560000000001e-05,0.0,20.342977449216573,60.25016659427471,60.78925251216923,0.0,0.0,0.0,,,,,,,,,,,,,,,,
/vols/lz/tmarley/GEM_ITO/run/im2/C/153.417keV_0.000_0.000_C_0.971cm_5246_im.npy,0.971,431590.4368286133,9.31587424316914,0.0,159.54277134913758,102.0347285998362,0.0,2.0620800000000004e-05,3.490880000000001e-05,0.0,45.75239185615558,20.129316805639515,47.46792402168119,0.0,0.0,0.0,,,,,,,,,,,,,,,,
/vols/lz/tmarley/GEM_ITO/run/im2/C/94.869keV_0.000_0.000_C_1.971cm_7180_im.npy,1.971,294684.7308959961,6.334913672387371,0.0,129.04043028094455,77.02453136263925,0.0,1.9385600000000003e-05,3.2686400000000006e-05,0.0,45.99302102764799,32.90984119670408,50.68053501967162,0.0,0.0,0.0,,,,,,,,,,,,,,,,
/vols/lz/tmarley/GEM_ITO/run/im2/C/91.001keV_0.000_0.000_C_0.567cm_4502_im.npy,0.567,220903.3916015625,4.918322249304156,0.0,145.9940208858156,70.06347615969307,0.0,1.2140800000000002e-05,2.7971200000000004e-05,0.0,36.77782957305236,17.759302439885698,39.11865988360872,0.0,0.0,0.0,,,,,,,,,,,,,,,,
/vols/lz/tmarley/GEM_ITO/run/im2/C/372.530keV_0.000_0.000_C_1.882cm_4680_im.npy,1.882,1215679.4285888672,26.342078335022684,0.0,344.47968553292577,136.36000245897566,0.0,2.677760000000001e-05,7.424000000000001e-05,0.0,44.560489964021,71.33299184221357,72.22601535910489,0.0,0.0,0.0,,,,,,,,,,,,,,,,
/vols/lz/tmarley/GEM_ITO/run/im2/C/115.432keV_0.000_0.000_C_1.114cm_3943_im.npy,1.114,325939.61932373047,7.1301094409888695,0.0,146.17996963295013,82.13295463422261,0.0,1.7593600000000004e-05,3.2377600000000007e-05,0.0,20.237720480084143,3.727311788436386,20.525270188742123,0.0,0.0,0.0,,,,,,,,,,,,,,,,
/vols/lz/tmarley/GEM_ITO/run/im2/C/404.838keV_0.000_0.000_C_0.593cm_4949_im.npy,0.593,1389965.7319335938,28.20469994397372,0.0,391.1587298658388,148.2054426970548,0.0,3.292800000000001e-05,7.682080000000002e-05,0.0,44.77490299153013,59.79957731995096,63.25091010325332,0.0,0.0,0.0,,,,,,,,,,,,,,,,
/vols/lz/tmarley/GEM_ITO/run/im2/C/123.088keV_0.000_0.000_C_1.534cm_9650_im.npy,1.534,322264.6836547852,6.987697270566356,0.0,146.5427712928417,73.87754256279129,0.0,1.6544000000000003e-05,3.3483200000000005e-05,0.0,11.874095674287709,6.507701224772169,13.452994164046403,0.0,0.0,0.0,,,,,,,,,,,,,,,,
/vols/lz/tmarley/GEM_ITO/run/im2/C/305.109keV_0.000_0.000_C_0.731cm_667_im.npy,0.731,1095789.456604004,20.38837090350212,0.0,255.7480115530732,188.09286486280791,0.0,3.824640000000001e-05,4.699840000000001e-05,0.0,52.88383034896882,36.07565707804962,56.467839770341705,0.0,0.0,0.0,,,,,,,,,,,,,,,,
/vols/lz/tmarley/GEM_ITO/run/im2/C/3.265keV_0.000_0.000_C_0.691cm_6748_im.npy,0.691,3238.5128784179688,0.0816898577462238,0.0,7.524243292150551,1.7283701758167231,0.0,4.102400000000001e-06,1.5926400000000004e-05,0.0,86.68849895105345,63.001060697727226,86.70960178913741,0.0,0.0,0.0,,,,,,,,,,,,,,,,
/vols/lz/tmarley/GEM_ITO/run/im2/C/104.215keV_0.000_0.000_C_1.874cm_3850_im.npy,1.874,318411.7221069336,6.890992699010574,0.0,116.77633172239254,64.39823466709312,0.0,2.2374400000000004e-05,4.1620800000000006e-05,0.0,22.00926090666304,7.396307109524964,23.0035105359546,0.0,0.0,0.0,,,,,,,,,,,,,,,,
/vols/lz/tmarley/GEM_ITO/run/im2/C/161.433keV_0.000_0.000_C_0.981cm_5764_im.npy,0.981,505185.6797485352,10.97845819317633,0.0,149.43297802932634,181.86431138015976,0.0,2.722560000000001e-05,2.4233600000000005e-05,0.0,80.58295576297395,10.5515933188415,80.58736611583568,0.0,0.0,0.0,,,,,,,,,,,,,,,,
/vols/lz/tmarley/GEM_ITO/run/im2/C/68.259keV_0.000_0.000_C_0.563cm_2815_im.npy,0.563,188013.23559570312,4.009915886945879,0.0,131.8646772483036,48.54828657923039,0.0,1.1526400000000002e-05,3.0414400000000005e-05,0.0,11.813073760813602,1.767644241474693,11.937330684569286,0.0,0.0,0.0,,,,,,,,,,,,,,,,
/vols/lz/tmarley/GEM_ITO/run/im2/C/135.113keV_0.000_0.000_C_2.057cm_6403_im.npy,2.057,449692.2348022461,9.641574072857336,0.0,169.74941207841886,83.35829060065483,0.0,2.1740800000000004e-05,4.740320000000001e-05,0.0,12.747042567484495,39.07633253914207,40.12809082385066,0.0,0.0,0.0,,,,,,,,,,,,,,,,
/vols/lz/tmarley/GEM_ITO/run/im2/C/275.092keV_0.000_0.000_C_1.865cm_5132_im.npy,1.865,923329.2338867188,19.989103574918527,0.0,413.8986027295253,112.74948185261252,0.0,1.7184000000000004e-05,6.918240000000002e-05,0.0,50.21097233089922,76.2618721807162,76.79821373722534,0.0,0.0,0.0,,,,,,,,,,,,,,,,
/vols/lz/tmarley/GEM_ITO/run/im2/C/351.440keV_0.000_0.000_C_0.748cm_1406_im.npy,0.748,1063638.5769042969,23.185009064659823,0.0,451.8867073624008,149.84821103958052,0.0,1.7670400000000003e-05,6.169920000000001e-05,0.0,44.05554801488677,68.44215909214275,69.74424337983709,0.0,0.0,0.0,,,,,,,,,,,,,,,,
/vols/lz/tmarley/GEM_ITO/run/im2/C/2.241keV_0.000_0.000_C_1.910cm_7555_im.npy,1.91,1741.6984252929688,0.0258613488744879,82058.78,2.879982894532863,0.046652843832029,0.23684417,1.5494400000000002e-05,0.0022598,9.289830400000002e-07,86.61179324064491,85.55189820574141,87.30268344885094,1030.6153846153848,1207.5674518201286,0.0,,,,,,,,,,,,,,,,
/vols/lz/tmarley/GEM_ITO/run/im2/C/90.878keV_0.000_0.000_C_0.507cm_8257_im.npy,0.507,263229.6276245117,5.759754787231618,0.0,159.33991265957062,83.9977141708627,0.0,1.3337600000000004e-05,2.6846400000000004e-05,0.0,41.96557204153537,6.131967900365291,42.16748056595088,0.0,0.0,0.0,,,,,,,,,,,,,,,,
/vols/lz/tmarley/GEM_ITO/run/im2/C/318.619keV_0.000_0.000_C_0.608cm_8429_im.npy,0.608,1052596.319396973,22.853152023685045,0.0,257.81192527871553,201.31088624226035,0.0,3.248640000000001e-05,5.0492800000000006e-05,0.0,67.74462220936374,61.80857998125303,71.98227710288353,0.0,0.0,0.0,,,,,,,,,,,,,,,,
/vols/lz/tmarley/GEM_ITO/run/im2/C/70.007keV_0.000_0.000_C_1.768cm_5547_im.npy,1.768,214632.94458007807,4.660642596403221,0.0,116.16997760899451,60.317491908380525,0.0,1.4496000000000003e-05,3.0190400000000005e-05,0.0,36.93925047709623,34.40415536768191,45.48336431593112,0.0,0.0,0.0,,,,,,,,,,,,,,,,
/vols/lz/tmarley/GEM_ITO/run/im2/C/149.425keV_0.000_0.000_C_1.611cm_7764_im.npy,1.611,446521.48828125,9.69984986237665,0.0,143.92439414165807,162.4830013971309,0.0,2.3936000000000003e-05,2.5185600000000005e-05,0.0,87.48428050563031,38.49203204726023,87.48581257021283,0.0,0.0,0.0,,,,,,,,,,,,,,,,
/vols/lz/tmarley/GEM_ITO/run/im2/C/190.410keV_0.000_0.000_C_1.212cm_7645_im.npy,1.212,617621.8291625977,13.45162295844107,0.0,168.3225795944728,186.17435272003476,0.0,3.22432e-05,2.9006400000000004e-05,0.0,70.65328707773361,15.587704541346438,70.73863219942558,0.0,0.0,0.0,,,,,,,,,,,,,,,,
/vols/lz/tmarley/GEM_ITO/run/im2/C/64.511keV_0.000_0.000_C_1.164cm_5932_im.npy,1.164,194365.7183227539,4.320969025068935,0.0,102.75841010969648,52.180765284757385,0.0,1.4643200000000002e-05,3.011680000000001e-05,0.0,32.98195057054306,5.109270925262812,33.22841332637975,0.0,0.0,0.0,,,,,,,,,,,,,,,,
/vols/lz/tmarley/GEM_ITO/run/im2/C/264.711keV_0.000_0.000_C_1.834cm_9890_im.npy,1.834,854240.3073120117,18.404250359385077,0.0,178.79486545473247,164.62678496450704,0.0,3.925760000000001e-05,4.408160000000001e-05,0.0,60.78387579556168,32.13570527085298,62.182144500680735,0.0,0.0,0.0,,,,,,,,,,,,,,,,
/vols/lz/tmarley/GEM_ITO/run/im2/C/204.180keV_0.000_0.000_C_1.442cm_9622_im.npy,1.442,646244.8163452148,11.584952498895008,0.0,188.12530059902207,102.07734453156576,0.0,2.7385600000000004e-05,4.722240000000001e-05,0.0,9.14319062920956,34.83394782365838,35.53695628198294,0.0,0.0,0.0,,,,,,,,,,,,,,,,
/vols/lz/tmarley/GEM_ITO/run/im2/C/230.724keV_0.000_0.000_C_0.868cm_5102_im.npy,0.868,824129.3741455078,16.21157235063462,0.0,254.04150485839227,123.6307575376754,0.0,2.759040000000001e-05,6.151520000000001e-05,0.0,32.26031455415737,51.75361335374909,54.78892434963439,0.0,0.0,0.0,,,,,,,,,,,,,,,,
/vols/lz/tmarley/GEM_ITO/run/im2/C/241.696keV_0.000_0.000_C_2.295cm_6965_im.npy,2.295,707927.3458251953,15.59373774873356,0.0,179.68821663693376,175.55022250541884,0.0,3.430400000000001e-05,3.524960000000001e-05,0.0,71.79874129322765,67.38090346992587,75.52705913174408,0.0,0.0,0.0,,,,,,,,,,,,,,,,
/vols/lz/tmarley/GEM_ITO/run/im2/C/69.270keV_0.000_0.000_C_0.668cm_9489_im.npy,0.668,198312.11602783203,4.272813465348992,0.0,146.40392235088754,50.75442056447021,0.0,1.0592e-05,2.9947200000000004e-05,0.0,0.4399402400950509,4.736234700591857,4.756438692303227,0.0,0.0,0.0,,,,,,,,,,,,,,,,
/vols/lz/tmarley/GEM_ITO/run/im2/C/70.555keV_0.000_0.000_C_2.175cm_8483_im.npy,2.175,200776.12481689453,4.503078576319633,0.0,92.75157815288064,58.63125067197331,0.0,1.8323200000000004e-05,2.8816000000000003e-05,0.0,52.13237544582854,6.795583443955349,52.2509930664238,0.0,0.0,0.0,,,,,,,,,,,,,,,,
/vols/lz/tmarley/GEM_ITO/run/im2/C/136.891keV_0.000_0.000_C_0.823cm_5033_im.npy,0.823,444018.1731567383,9.734314336069144,0.0,199.34999297540915,138.3902457907705,0.0,1.8713600000000003e-05,2.9700800000000005e-05,0.0,62.26932595643031,57.266918272222746,67.85669733487316,0.0,0.0,0.0,,,,,,,,,,,,,,,,
/vols/lz/tmarley/GEM_ITO/run/im2/C/190.202keV_0.000_0.000_C_2.244cm_4452_im.npy,2.244,605453.2518920898,13.126007520946148,0.0,136.42706375207737,217.2738989231238,0.0,3.5148800000000005e-05,2.5400000000000004e-05,0.0,83.70100373775115,58.58264674101687,83.80061776071197,0.0,0.0,0.0,,,,,,,,,,,,,,,,
/vols/lz/tmarley/GEM_ITO/run/im2/C/186.988keV_0.000_0.000_C_2.079cm_5098_im.npy,2.079,648826.6031494141,14.06296866167607,0.0,215.4325332534708,97.15078932620116,0.0,2.7808000000000005e-05,5.4192000000000006e-05,0.0,52.69496647277062,58.49487903251989,64.47183569225226,0.0,0.0,0.0,,,,,,,,,,,,,,,,
/vols/lz/tmarley/GEM_ITO/run/im0/C/218.533keV_0.000_0.000_C_0.579cm_7433_im.npy,0.579,812382.0064086914,13.874036698138784,0.0,202.0712831774803,156.6340217325846,0.0,3.4342400000000005e-05,4.7192000000000005e-05,0.0,38.604308573271375,26.8054790323602,43.37578596234391,0.0,0.0,0.0,,,,,,,,,,,,,,,,
/vols/lz/tmarley/GEM_ITO/run/im0/C/219.226keV_0.000_0.000_C_2.210cm_3926_im.npy,2.21,745688.5670166016,12.334602829576047,0.0,158.69443076579333,115.95337177153408,0.0,3.78432e-05,5.2489600000000006e-05,0.0,15.25662395912696,33.27889971125598,35.40399581823069,0.0,0.0,0.0,,,,,,,,,,,,,,,,
/vols/lz/tmarley/GEM_ITO/run/im0/C/2.705keV_0.000_0.000_C_1.460cm_4567_im.npy,1.46,2507.4445190429688,0.042806009934455,6789.7524,4.296103196972346,1.757434269339678,1.5028046,9.945600000000002e-06,1.6398400000000002e-05,7.777280000000002e-09,83.57739510243248,72.10345814906512,83.93255704551133,222.92307692307693,175.68,0.0,,,,,,,,,,,,,,,,
/vols/lz/tmarley/GEM_ITO/run/im0/C/143.169keV_0.000_0.000_C_2.266cm_3264_im.npy,2.266,436857.8937988281,9.417912080121424,0.0,122.09270588298956,86.08550388332263,0.0,2.7692800000000004e-05,3.9209600000000005e-05,0.0,36.06247600710626,0.5994567439194515,36.06529002366528,0.0,0.0,0.0,,,,,,,,,,,,,,,,
/vols/lz/tmarley/GEM_ITO/run/im2/C/111.805keV_0.000_0.000_C_1.693cm_1363_im.npy,1.693,277870.0951538086,6.048770977037093,0.0,196.64530301285131,60.77976412593173,0.0,1.0489600000000002e-05,3.428480000000001e-05,0.0,17.31811631132492,59.77915411165012,60.18193614323592,0.0,0.0,0.0,,,,,,,,,,,,,,,,
/vols/lz/tmarley/GEM_ITO/run/im2/C/173.086keV_0.000_0.000_C_2.268cm_4618_im.npy,2.268,548911.399597168,11.857354304057662,0.0,128.84760726186306,156.04185851061584,0.0,3.1008000000000005e-05,3.1174400000000004e-05,0.0,80.92792723825049,71.80099342847225,81.82649868811636,0.0,0.0,0.0,,,,,,,,,,,,,,,,
/vols/lz/tmarley/GEM_ITO/run/im2/C/83.913keV_0.000_0.000_C_1.010cm_9141_im.npy,1.01,242536.7210083008,5.274591771200275,0.0,178.33945000452113,63.30200686829683,0.0,1.03424e-05,3.1144000000000005e-05,0.0,8.510431294035085,52.58995715766703,52.76970013631635,0.0,0.0,0.0,,,,,,,,,,,,,,,,
/vols/lz/tmarley/GEM_ITO/run/im2/C/84.266keV_0.000_0.000_C_1.316cm_7314_im.npy,1.316,187440.1378173828,4.199680459911797,0.0,141.85499272165688,56.240459427571146,0.0,1.02528e-05,2.6307200000000005e-05,0.0,10.752847626425185,11.703354836732494,15.696819185293426,0.0,0.0,0.0,,,,,,,,,,,,,,,,
/vols/lz/tmarley/GEM_ITO/run/im2/C/126.402keV_0.000_0.000_C_2.328cm_9785_im.npy,2.328,369604.6631469727,8.034890422476956,0.0,116.98154380817644,75.23455800122011,0.0,2.3942400000000003e-05,4.143040000000001e-05,0.0,22.558995837312505,18.38218878812228,28.012154141056023,0.0,0.0,0.0,,,,,,,,,,,,,,,,
/vols/lz/tmarley/GEM_ITO/run/im2/C/60.724keV_0.000_0.000_C_1.981cm_9484_im.npy,1.981,180621.33489990237,3.865515176222929,0.0,92.01282007757528,42.94458753676174,0.0,1.61152e-05,3.2521600000000004e-05,0.0,0.9835349553647916,2.9792448355485743,3.136838946857325,0.0,0.0,0.0,,,,,,,,,,,,,,,,
/vols/lz/tmarley/GEM_ITO/run/im2/C/95.734keV_0.000_0.000_C_1.543cm_6251_im.npy,1.543,300948.96423339844,6.4712643894989,0.0,146.48803832354997,78.32773493400478,0.0,1.5264e-05,3.3467200000000004e-05,0.0,43.48043079746939,51.94225807739232,57.84653716969533,0.0,0.0,0.0,,,,,,,,,,,,,,,,
/vols/lz/tmarley/GEM_ITO/run/im2/C/72.782keV_0.000_0.000_C_1.369cm_2566_im.npy,1.369,203226.7421875,4.4445917725664055,0.0,138.97450288964188,47.67074106481578,0.0,1.2672000000000002e-05,3.2809600000000005e-05,0.0,2.5730691953866067,29.740975369951265,29.8171407212556,0.0,0.0,0.0,,,,,,,,,,,,,,,,
/vols/lz/tmarley/GEM_ITO/run/im2/C/273.217keV_0.000_0.000_C_2.476cm_2342_im.npy,2.476,1006883.3807373048,21.993053960775217,0.0,192.69819249239137,166.71498054754127,0.0,4.432640000000001e-05,5.154720000000001e-05,0.0,78.97466158832303,78.43659741324589,81.9686809937332,0.0,0.0,0.0,,,,,,,,,,,,,,,,
/vols/lz/tmarley/GEM_ITO/run/im2/C/216.311keV_0.000_0.000_C_0.644cm_3658_im.npy,0.644,740219.0903930664,14.922794902688413,0.0,222.41109498829067,110.33520514730812,0.0,2.7686400000000003e-05,5.610400000000001e-05,0.0,39.06976483297842,46.07294601828742,52.80910631341284,0.0,0.0,0.0,,,,,,,,,,,,,,,,
/vols/lz/tmarley/GEM_ITO/run/im2/C/158.083keV_0.000_0.000_C_1.894cm_5486_im.npy,1.894,541981.0332641602,11.802878738561164,0.0,151.4105363085594,161.25965428711638,0.0,2.9446400000000003e-05,2.8366400000000003e-05,0.0,66.02767915088121,7.06766905523656,66.05993755821687,0.0,0.0,0.0,,,,,,,,,,,,,,,,
/vols/lz/tmarley/GEM_ITO/run/im2/C/97.999keV_0.000_0.000_C_1.211cm_130_im.npy,1.211,282560.2448730469,6.135073949874046,0.0,121.04693778596246,59.92351721982462,0.0,1.8016e-05,3.5905600000000004e-05,0.0,31.958595122367733,16.905945153842254,34.75922598895658,0.0,0.0,0.0,,,,,,,,,,,,,,,,
/vols/lz/tmarley/GEM_ITO/run/im2/C/122.021keV_0.000_0.000_C_1.083cm_166_im.npy,1.083,398244.0310668945,8.57400099338618,0.0,148.24060563856864,76.1066932421787,0.0,2.1523200000000004e-05,4.01024e-05,0.0,37.70255378955544,19.60981057872781,40.40164699302596,0.0,0.0,0.0,,,,,,,,,,,,,,,,
/vols/lz/tmarley/GEM_ITO/run/im2/C/106.188keV_0.000_0.000_C_1.370cm_6500_im.npy,1.37,284308.4914550781,6.282054468590338,0.0,138.29236515155245,66.49420818508261,0.0,1.5814400000000002e-05,3.37264e-05,0.0,32.42895398719164,33.47375490700909,42.52038797915646,0.0,0.0,0.0,,,,,,,,,,,,,,,,
/vols/lz/tmarley/GEM_ITO/run/im2/C/328.621keV_0.000_0.000_C_1.778cm_7991_im.npy,1.778,1087704.2314453125,22.563452722581072,0.0,236.86753220254772,190.16725015954947,0.0,4.528640000000001e-05,5.575680000000001e-05,0.0,60.63073064454776,43.27522496751882,63.56014192231645,0.0,0.0,0.0,,,,,,,,,,,,,,,,
/vols/lz/tmarley/GEM_ITO/run/im2/C/222.463keV_0.000_0.000_C_1.405cm_1461_im.npy,1.405,718593.2589111328,10.650373603667353,0.0,164.68066347628735,123.65924333295884,0.0,3.4790400000000005e-05,4.317440000000001e-05,0.0,1.5025821647083923,16.071726060689798,16.13475128295474,0.0,0.0,0.0,,,,,,,,,,,,,,,,
/vols/lz/tmarley/GEM_ITO/run/im2/C/239.863keV_0.000_0.000_C_1.476cm_2728_im.npy,1.476,757299.9094238281,16.28147229726472,0.0,220.75030233889728,114.76525891101328,0.0,2.9248000000000005e-05,5.244160000000001e-05,0.0,47.05881942533238,50.089171271384856,58.114659429989885,0.0,0.0,0.0,,,,,,,,,,,,,,,,
/vols/lz/tmarley/GEM_ITO/run/im2/C/445.636keV_0.000_0.000_C_1.016cm_3987_im.npy,1.016,1505939.542602539,27.27550524111411,0.0,437.6366433739743,206.25209779167088,0.0,3.4617600000000005e-05,7.072960000000001e-05,0.0,36.52353907015089,61.71181198457207,63.43807290457848,0.0,0.0,0.0,,,,,,,,,,,,,,,,
/vols/lz/tmarley/GEM_ITO/run/im2/C/191.892keV_0.000_0.000_C_1.425cm_8850_im.npy,1.425,628830.4945678711,13.671930927554325,0.0,148.75154218113468,155.487996908374,0.0,3.3459200000000007e-05,3.580800000000001e-05,0.0,57.9535057361211,3.700294147730901,57.97460244702781,0.0,0.0,0.0,,,,,,,,,,,,,,,,
/vols/lz/tmarley/GEM_ITO/run/im2/C/56.617keV_0.000_0.000_C_0.575cm_4602_im.npy,0.575,136417.60906982422,2.9437201499534797,0.0,89.53151362802252,43.5578092900004,0.0,1.10208e-05,2.569120000000001e-05,0.0,39.17763499648508,5.713717828662225,39.38769295010416,0.0,0.0,0.0,,,,,,,,,,,,,,,,
/vols/lz/tmarley/GEM_ITO/run/im2/C/242.389keV_0.000_0.000_C_0.744cm_2859_im.npy,0.744,778245.120300293,16.89898179242827,0.0,489.1478066399662,115.72339803394956,0.0,1.2716800000000002e-05,5.750560000000001e-05,0.0,34.77012116235456,71.97311291185467,72.38861340239798,0.0,0.0,0.0,,,,,,,,,,,,,,,,
/vols/lz/tmarley/GEM_ITO/run/im2/C/71.188keV_0.000_0.000_C_2.417cm_5270_im.npy,2.417,212571.01098632807,4.621962987287205,0.0,95.57111909060968,68.76885207211812,0.0,1.8886400000000003e-05,2.6712000000000004e-05,0.0,58.55634867161153,9.001967568553791,58.675295440235175,0.0,0.0,0.0,,,,,,,,,,,,,,,,
/vols/lz/tmarley/GEM_ITO/run/im2/C/314.923keV_0.000_0.000_C_2.336cm_6214_im.npy,2.336,968007.8712768556,19.37567285438582,0.0,247.7692660511408,121.51785409994424,0.0,3.0528e-05,6.058080000000001e-05,0.0,26.441459100987352,55.18556407402445,56.68697063053678,0.0,0.0,0.0,,,,,,,,,,,,,,,,
/vols/lz/tmarley/GEM_ITO/run/im2/C/133.012keV_0.000_0.000_C_0.636cm_1103_im.npy,0.636,433396.5195922852,9.403620829202191,0.0,172.5660883822633,114.74402493259632,0.0,1.9155200000000003e-05,3.24192e-05,0.0,54.38138364943156,34.66200186048954,57.3007171561111,0.0,0.0,0.0,,,,,,,,,,,,,,,,
/vols/lz/tmarley/GEM_ITO/run/im2/C/107.748keV_0.000_0.000_C_2.431cm_6968_im.npy,2.431,322023.07275390625,7.048095441158797,0.0,129.1074554341693,67.09439554537146,0.0,1.9488000000000004e-05,4.10944e-05,0.0,3.858025223176344,39.22720054827978,39.32267303497986,0.0,0.0,0.0,,,,,,,,,,,,,,,,
/vols/lz/tmarley/GEM_ITO/run/im2/C/425.857keV_0.000_0.000_C_2.158cm_3769_im.npy,2.158,1530245.527709961,33.34630957701853,0.0,302.10957254899824,162.3910532068095,0.0,3.990400000000001e-05,8.539680000000001e-05,0.0,60.84204737273279,69.64659789247388,72.83327228406544,0.0,0.0,0.0,,,,,,,,,,,,,,,,
/vols/lz/tmarley/GEM_ITO/run/im2/C/91.982keV_0.000_0.000_C_0.649cm_4904_im.npy,0.649,274602.57666015625,6.039023423361264,0.0,181.05294412843756,65.33209324859823,0.0,1.1014400000000002e-05,3.4054400000000004e-05,0.0,6.955200767923476,45.56322653928086,45.76666524822308,0.0,0.0,0.0,,,,,,,,,,,,,,,,
/vols/lz/tmarley/GEM_ITO/run/im2/C/204.817keV_0.000_0.000_C_1.672cm_9485_im.npy,1.672,624215.1141357422,13.685542026077322,0.0,142.80393136574912,159.47423680068556,0.0,3.411840000000001e-05,3.3412800000000006e-05,0.0,59.87022284322119,2.995820878408937,59.88169032548197,0.0,0.0,0.0,,,,,,,,,,,,,,,,
/vols/lz/tmarley/GEM_ITO/run/im2/C/118.220keV_0.000_0.000_C_1.558cm_2511_im.npy,1.558,330945.1265258789,7.284745311713581,0.0,172.52952885030464,80.3246711283436,0.0,1.5731200000000003e-05,3.5516800000000005e-05,0.0,34.5027517027962,43.61897059827081,49.59888040511314,0.0,0.0,0.0,,,,,,,,,,,,,,,,
/vols/lz/tmarley/GEM_ITO/run/im2/C/213.497keV_0.000_0.000_C_2.056cm_3267_im.npy,2.056,708180.8472900391,15.34369940641174,0.0,153.45170452048984,153.3150083250706,0.0,3.8233600000000006e-05,3.663040000000001e-05,0.0,61.49861398653191,7.282184450701136,61.55627626513133,0.0,0.0,0.0,,,,,,,,,,,,,,,,
/vols/lz/tmarley/GEM_ITO/run/im2/C/121.965keV_0.000_0.000_C_0.813cm_6911_im.npy,0.813,404539.7365722656,8.899079682203707,0.0,346.63909328039,82.38725812504845,0.0,8.940800000000001e-06,3.96384e-05,0.0,10.623923306646748,72.17604511465767,72.2063328886151,0.0,0.0,0.0,,,,,,,,,,,,,,,,
/vols/lz/tmarley/GEM_ITO/run/im2/C/489.157keV_0.000_0.000_C_2.296cm_6761_im.npy,2.296,1672890.0633544922,28.12287517782817,0.0,358.6242470967172,204.38472332904016,0.0,5.160960000000001e-05,7.027520000000001e-05,0.0,49.594502266756045,55.16344033210101,61.6841472489416,0.0,0.0,0.0,,,,,,,,,,,,,,,,
/vols/lz/tmarley/GEM_ITO/run/im2/C/208.831keV_0.000_0.000_C_0.871cm_4196_im.npy,0.871,604519.4879760742,13.204838444134758,0.0,318.48564367290624,98.32639124528818,0.0,1.5046400000000002e-05,5.173760000000001e-05,0.0,29.195762692443605,63.92166847640621,64.72848020836916,0.0,0.0,0.0,,,,,,,,,,,,,,,,
/vols/lz/tmarley/GEM_ITO/run/im2/C/179.181keV_0.000_0.000_C_1.126cm_2352_im.npy,1.126,616042.9899902344,13.21585927230096,0.0,223.5862670540292,100.76347847183312,0.0,2.21248e-05,4.992480000000001e-05,0.0,36.52831382008741,45.56360432025839,51.5733184311642,0.0,0.0,0.0,,,,,,,,,,,,,,,,
/vols/lz/tmarley/GEM_ITO/run/im2/C/263.931keV_0.000_0.000_C_0.991cm_44_im.npy,0.991,999444.1009521484,20.356590164742943,0.0,272.8059229424382,120.19398851684916,0.0,3.0348800000000007e-05,6.941440000000001e-05,0.0,38.18449091030302,56.36047832567571,59.4787575358814,0.0,0.0,0.0,,,,,,,,,,,,,,,,
/vols/lz/tmarley/GEM_ITO/run/im2/C/182.266keV_0.000_0.000_C_1.093cm_8747_im.npy,1.093,653546.4313354492,11.32029111692508,0.0,180.29273537613332,117.05918071782364,0.0,2.9516800000000005e-05,4.409440000000001e-05,0.0,26.396549258225697,23.93850542048409,33.659810712299794,0.0,0.0,0.0,,,,,,,,,,,,,,,,
/vols/lz/tmarley/GEM_ITO/run/im2/C/193.154keV_0.000_0.000_C_1.688cm_8409_im.npy,1.688,697214.1806030273,15.126027668515793,0.0,175.41355098721758,146.3930684096322,0.0,2.9280000000000004e-05,4.721280000000001e-05,0.0,64.686212718307,65.39569442902413,71.78878120870039,0.0,0.0,0.0,,,,,,,,,,,,,,,,
/vols/lz/tmarley/GEM_ITO/run/im2/C/106.543keV_0.000_0.000_C_1.538cm_188_im.npy,1.538,330149.1145019531,7.109966403895317,0.0,121.99469357046672,116.89690825556168,0.0,1.9712000000000004e-05,2.5990400000000004e-05,0.0,69.11993572478657,50.31060990591605,70.88354115296903,0.0,0.0,0.0,,,,,,,,,,,,,,,,
/vols/lz/tmarley/GEM_ITO/run/im2/C/179.471keV_0.000_0.000_C_1.415cm_5321_im.npy,1.415,573855.5241088867,12.041796175624391,0.0,180.5587976202358,93.71041889489338,0.0,2.5075200000000003e-05,4.825440000000001e-05,0.0,31.609315169257236,37.74715553201573,44.68345147134254,0.0,0.0,0.0,,,,,,,,,,,,,,,,
/vols/lz/tmarley/GEM_ITO/run/im2/C/83.350keV_0.000_0.000_C_0.630cm_7591_im.npy,0.63,237564.59686279297,5.201845648784532,0.0,151.14942160715347,77.70996409416277,0.0,1.2230400000000002e-05,2.5320000000000005e-05,0.0,50.99448318798741,15.076809981422858,51.64449630993892,0.0,0.0,0.0,,,,,,,,,,,,,,,,
/vols/lz/tmarley/GEM_ITO/run/im2/C/217.673keV_0.000_0.000_C_0.546cm_7625_im.npy,0.546,730965.0944824219,14.99064925889,0.0,263.02594616115067,103.49452355125636,0.0,2.14976e-05,5.531520000000001e-05,0.0,39.44235988035776,50.05715783810528,55.409584513085214,0.0,0.0,0.0,,,,,,,,,,,,,,,,
/vols/lz/tmarley/GEM_ITO/run/im2/C/231.912keV_0.000_0.000_C_1.423cm_2286_im.npy,1.423,769184.4547729492,15.231292380190874,0.0,236.2276470458453,106.39509910909652,0.0,2.5849600000000004e-05,5.399840000000001e-05,0.0,29.331602178298898,49.344605700979216,52.28016082165272,0.0,0.0,0.0,,,,,,,,,,,,,,,,
